Start_X,Start_Y,Goal_X,Goal_Y,Path_Length,Traversability_Cost
25,25,41,80,19,124.36813114579878
25,25,35,77,14,92.0679616721958
25,25,37,75,22,150.73508068874884
25,25,37,77,20,137.09667970936874
25,25,39,80,17,108.68298218233825
25,25,38,78,22,125.87855115266053
25,25,36,77,20,135.81814419333645
25,25,34,76,17,114.09750706743304
25,25,38,73,17,103.13446404510277
25,25,36,72,16,103.92292220778472
25,25,37,70,16,103.34338532636069
25,25,38,79,16,108.37673910279105
25,25,33,69,15,101.08767958019001
25,25,36,71,18,118.52330232963521
25,25,36,75,17,111.60549491021274
25,25,34,76,14,89.13559385298815
25,25,39,80,17,113.23966981113846
25,25,34,77,17,115.47929267293777
25,25,35,80,16,108.00193924101887
25,25,35,73,16,106.30656742062743
25,25,37,70,18,116.55678870275602
25,25,38,53,9,54.40739244774218
25,25,30,55,9,54.22124363962095
25,25,36,52,9,54.11090081324958
25,25,37,54,11,65.98233713462102
25,25,37,54,11,71.49533260562806
25,25,30,58,9,53.55813477139724
25,25,34,52,11,70.6783295433617
25,25,33,53,9,55.59020637049652
25,25,34,54,15,84.68410586859144
25,25,31,56,12,72.32854247718875
25,25,39,52,9,54.69670030886598
25,25,33,52,8,46.22320111187903
25,25,34,55,8,50.64253347892638
25,25,34,54,9,55.432631618266264
25,25,35,51,11,69.59634663685608
25,25,30,58,11,65.73902122637547
25,25,39,52,10,59.32114919798809
25,25,83,33,15,100.80033959672468
25,25,82,38,16,107.20335482661376
25,25,81,34,23,155.96041818401278
25,25,84,43,19,129.1731082981719
25,25,82,34,18,118.46959299081661
25,25,84,39,20,132.586944483317
25,25,82,34,24,155.24829611425125
25,25,79,32,15,93.9720569667264
25,25,81,34,20,114.75868590025385
25,25,82,43,20,135.12967137707517
25,25,81,43,19,129.59559193737908
25,25,82,39,24,149.56154379997267
25,25,80,33,18,127.2733049112345
25,25,83,79,27,181.57415806605303
25,25,91,79,32,207.20736822904468
25,25,87,68,27,184.14132639181318
25,25,89,79,33,206.96668740432258
25,25,88,65,30,187.2840721602337
25,25,90,73,27,188.39288975840824
25,25,90,77,23,155.3390443389421
25,25,88,79,34,234.70601356731453
25,25,86,76,27,183.85345505064407
25,25,90,76,31,199.62723330615333
25,25,88,73,24,167.23173747615428
25,25,91,66,22,149.975156010885
25,25,91,75,29,205.45469086687754
25,25,87,73,23,148.04766032359103
25,25,88,77,34,230.4320257556915
25,25,91,81,23,151.7562741404694
25,25,88,67,27,167.70151249382354
25,25,86,75,28,176.13465717064366
25,25,90,71,28,177.62250973696385
25,25,89,70,22,149.94917344249876
25,25,89,70,25,181.37693173263685
25,25,91,77,35,242.94744289078417
25,25,89,80,27,168.49021202401082
25,25,91,73,26,165.06508912611835
25,25,87,80,31,221.1220450775239
25,25,63,39,13,79.3438640741397
25,25,61,36,13,84.19926849529715
25,25,63,37,13,83.45336406001802
25,25,63,38,15,97.16462141675156
25,25,63,34,15,92.6461015135197
25,25,62,36,12,78.72582720997109
25,25,62,35,12,77.75241810256864
25,25,63,35,12,72.52293974900115
25,25,62,38,13,85.24856096270398
25,25,63,34,20,119.96600546009779
25,25,64,35,12,78.37083492131703
25,25,63,34,16,99.17242089615723
25,25,66,35,15,97.67871384975943
25,25,66,38,13,83.80090434639786
25,25,64,34,12,75.64213047690622
25,25,67,38,18,108.5325590747048
25,25,63,35,22,132.88535520249212
25,25,88,97,36,219.6052488165535
25,25,83,97,35,234.2979589257194
25,25,88,94,27,173.8707317395682
25,25,85,95,29,179.06745051599836
25,25,86,94,37,233.96112753015868
25,25,80,95,41,261.18752601483123
25,25,88,98,27,176.2682590080753
25,25,83,96,29,194.41934772689942
25,25,81,93,24,162.05849742106506
25,25,86,96,36,244.7211829843887
25,25,87,98,31,192.25064181896678
25,25,82,98,27,169.42814064787325
25,25,80,95,25,162.30177838824972
35,25,41,80,19,128.28055689935695
35,25,35,77,18,120.35241119442094
35,25,37,75,15,99.61233155366442
35,25,37,77,26,170.44097313469658
35,25,39,80,17,113.4375628079708
35,25,38,78,18,121.63203628838654
35,25,36,77,15,101.7982395001894
35,25,34,76,14,94.61431264325606
35,25,38,73,19,121.47000992864534
35,25,36,72,24,138.42029650856443
35,25,37,70,17,121.24608572619451
35,25,38,79,21,117.13216628306552
35,25,33,69,22,132.41462876338858
35,25,36,71,15,97.2405000886453
35,25,36,75,15,98.51585823142287
35,25,34,76,15,99.02052363149504
35,25,39,80,22,124.5541375990106
35,25,34,77,15,95.8352259299048
35,25,35,80,17,112.46626163516156
35,25,35,73,24,158.6537985356617
35,25,37,70,15,100.8417708504402
35,25,38,53,10,59.25812711915468
35,25,30,55,11,68.90771176710165
35,25,36,52,11,71.44362087628996
35,25,37,54,8,47.7360380056308
35,25,37,54,12,81.39372752935844
35,25,30,58,11,66.97743413715708
35,25,34,52,10,62.41356804965788
35,25,33,53,8,47.35756562021837
35,25,34,54,9,53.27109158448378
35,25,31,56,10,60.50455342486037
35,25,39,52,8,47.87684683158943
35,25,33,52,8,50.17504782293451
35,25,34,55,9,48.90067367751835
35,25,34,54,9,55.31701048771996
35,25,35,51,9,55.43074022915722
35,25,30,58,11,70.19712658446093
35,25,39,52,9,55.54248446869439
35,25,83,33,24,159.0782307789504
35,25,82,38,19,128.18000280529338
35,25,81,34,18,121.35706640919562
35,25,84,43,19,124.83430847848608
35,25,82,34,17,109.89141986635255
35,25,84,39,17,108.74966605503329
35,25,82,34,15,96.95286387486196
35,25,79,32,12,78.64776977888428
35,25,81,34,13,87.02939678581362
35,25,82,43,24,165.2736738748723
35,25,81,43,20,130.55496713896082
35,25,82,39,17,97.41815320210137
35,25,80,33,14,90.1400739393161
35,25,83,79,29,198.05179652592818
35,25,91,79,30,174.50139533672078
35,25,87,68,22,148.0270068930396
35,25,89,79,27,176.8088227671843
35,25,88,65,20,133.34727959043082
35,25,90,73,23,156.27502140113407
35,25,90,77,22,152.3383113015006
35,25,88,79,26,168.09002046374627
35,25,86,76,28,172.69931912926035
35,25,90,76,26,172.18365294601963
35,25,88,73,20,137.37658586281475
35,25,91,66,24,151.03314554751123
35,25,91,75,24,163.3140409777971
35,25,87,73,30,198.166990207544
35,25,88,77,23,149.28475963342888
35,25,91,81,26,174.66342584557822
35,25,88,67,22,148.37239345996733
35,25,86,75,28,194.3495656442859
35,25,90,71,21,143.41524961782136
35,25,89,70,21,144.26860290271478
35,25,89,70,24,162.74249799261457
35,25,91,77,25,161.93594273801716
35,25,89,80,24,165.49870888748583
35,25,91,73,21,142.73199916860912
35,25,87,80,27,189.2285002671319
35,25,63,39,14,76.04745255029492
35,25,61,36,11,67.80598928335024
35,25,63,37,11,70.56213857259543
35,25,63,38,11,50.68938533764559
35,25,63,34,9,54.62737979555794
35,25,62,36,10,61.550242885595544
35,25,62,35,29,197.78740595176978
35,25,63,35,10,62.1599488827728
35,25,62,38,9,57.57051082568139
35,25,63,34,13,72.31902606533838
35,25,64,35,13,78.59157389820543
35,25,63,34,11,68.20265502264864
35,25,66,35,9,52.21918661394521
35,25,66,38,13,80.30613381445612
35,25,64,34,17,112.67749181226814
35,25,67,38,11,68.34641246574867
35,25,63,35,13,72.57086626832232
35,25,88,97,26,178.00493807440702
35,25,83,97,35,215.86574996039184
35,25,88,94,26,174.2247974060698
35,25,85,95,23,154.6063707074344
35,25,86,94,28,163.79231742775661
35,25,80,95,34,235.94971596016748
35,25,88,98,27,168.92454367311663
35,25,83,96,24,166.30480798489899
35,25,81,93,28,159.8894283970685
35,25,86,96,23,167.8723242660149
35,25,87,98,33,212.71949387003266
35,25,82,98,23,148.7082496705516
35,25,80,95,22,151.07596761380867
45,25,41,80,26,178.5926001609773
45,25,35,77,20,143.70753628333256
45,25,37,75,16,107.60911722760777
45,25,37,77,21,138.19761421709296
45,25,39,80,19,129.97038812113223
45,25,38,78,20,137.86615265059558
45,25,36,77,17,114.51800027773986
45,25,34,76,24,162.07164936374565
45,25,38,73,19,128.7157071436879
45,25,36,72,14,94.55148823862999
45,25,37,70,18,128.37884162094963
45,25,38,79,20,137.24805936474004
45,25,33,69,16,105.72547448116784
45,25,36,71,21,143.361325549489
45,25,36,75,14,91.89798049324932
45,25,34,76,16,110.4396473620465
45,25,39,80,24,164.67320658898777
45,25,34,77,20,132.68189491388358
45,25,35,80,25,159.2797460749986
45,25,35,73,30,192.11682017916877
45,25,37,70,16,106.53397032144578
45,25,38,53,11,65.33681776592016
45,25,30,55,9,54.21078589093497
45,25,36,52,8,49.95381526612609
45,25,37,54,12,74.65784442797536
45,25,37,54,8,48.84778873788939
45,25,30,58,10,60.14952859998867
45,25,34,52,8,45.10558856470177
45,25,33,53,8,48.26144180146393
45,25,34,54,12,78.06574236632062
45,25,31,56,10,64.66753700421296
45,25,39,52,9,57.379487382150785
45,25,33,52,10,60.12824233950989
45,25,34,55,9,56.71744825850482
45,25,34,54,9,51.35225877960289
45,25,35,51,9,52.41010071992262
45,25,30,58,12,75.52877980396266
45,25,39,52,8,48.57326409903298
45,25,83,33,11,67.43222743772496
45,25,82,38,23,146.60069235979122
45,25,81,34,12,73.86766586776861
45,25,84,43,12,74.9379016583594
45,25,82,34,12,91.4329671244397
45,25,84,39,16,106.8132666155584
45,25,82,34,26,165.25309992069998
45,25,79,32,11,69.84615877738699
45,25,81,34,12,77.2126982998382
45,25,82,43,13,87.67409238225618
45,25,81,43,15,97.95620701467453
45,25,82,39,13,86.79486682016926
45,25,80,33,13,82.26236480937123
45,25,83,79,23,162.15338223285485
45,25,91,79,31,207.15146103857938
45,25,87,68,24,163.28570627600737
45,25,89,79,22,141.08230682054133
45,25,88,65,18,121.03815731768104
45,25,90,73,22,143.9896347680254
45,25,90,77,24,157.79849576875512
45,25,88,79,23,151.04899068037918
45,25,86,76,26,164.82588592939624
45,25,90,76,24,164.73174915728984
45,25,88,73,21,142.3465341646821
45,25,91,66,23,155.02039895619558
45,25,91,75,24,156.26870578521968
45,25,87,73,19,127.63947860736286
45,25,88,77,22,147.97633873358814
45,25,91,81,23,152.96784529404482
45,25,88,67,26,162.74840281915266
45,25,86,75,24,164.00691919286578
45,25,90,71,24,153.78991625111865
45,25,89,70,23,186.57756019814278
45,25,89,70,23,158.42829917901645
45,25,91,77,23,162.09378114817764
45,25,89,80,21,142.2399310050304
45,25,91,73,23,147.70644889940644
45,25,87,80,22,152.26832611480648
45,25,63,39,10,62.83090917852815
45,25,61,36,8,44.9772291713232
45,25,63,37,8,50.78940908502953
45,25,63,38,9,47.350170398767446
45,25,63,34,9,56.48259772758857
45,25,62,36,6,34.65861301472887
45,25,62,35,6,33.10090096691207
45,25,63,35,7,43.024641843213885
45,25,62,38,7,42.65140444147285
45,25,63,34,7,42.664494540174665
45,25,64,35,7,38.00720916323554
45,25,63,34,6,35.36458674301274
45,25,66,35,7,39.67968267404956
45,25,66,38,11,66.84610298235519
45,25,64,34,6,35.08664223147418
45,25,67,38,7,38.77365307107804
45,25,63,35,9,57.1382740737949
45,25,88,97,26,177.03280220912288
45,25,83,97,26,166.94559780217133
45,25,88,94,30,201.74627634628578
45,25,85,95,26,167.90218164547127
45,25,86,94,25,163.67242820441177
45,25,80,95,21,143.77330550694657
45,25,88,98,26,181.71557871081913
45,25,83,96,26,156.96957200602122
45,25,81,93,31,212.2214674338418
45,25,86,96,32,192.56945191426453
45,25,87,98,26,179.88963247076546
45,25,82,98,27,151.44433653169182
45,25,80,95,24,148.00005562857223
55,25,41,80,18,122.07267236435545
55,25,35,77,20,131.44272553800565
55,25,37,75,18,118.53509567546884
55,25,37,77,25,165.57234052407816
55,25,39,80,17,112.53619697882176
55,25,38,78,25,169.62624543778526
55,25,36,77,17,116.63653504148449
55,25,34,76,19,135.8709330376495
55,25,38,73,23,157.70992988363085
55,25,36,72,20,135.98673919927913
55,25,37,70,23,144.84895202172626
55,25,38,79,21,139.98545338400683
55,25,33,69,15,100.89556665313272
55,25,36,71,19,129.8265342548025
55,25,36,75,19,127.99858658813329
55,25,34,76,18,123.81907778950223
55,25,39,80,21,142.8130886977986
55,25,34,77,18,122.07922870551862
55,25,35,80,19,130.8570817964353
55,25,35,73,16,104.99834961311377
55,25,37,70,18,123.78389500855165
55,25,38,53,10,65.03588033031374
55,25,30,55,12,76.98722809931465
55,25,36,52,10,64.71027030616406
55,25,37,54,11,71.26135979707783
55,25,37,54,11,70.92915071376899
55,25,30,58,13,80.47582759106379
55,25,34,52,10,64.16811729111829
55,25,33,53,11,70.31569314319611
55,25,34,54,12,76.42304891231949
55,25,31,56,19,122.32270218580166
55,25,39,52,9,54.31186594448459
55,25,33,52,10,61.94428284981488
55,25,34,55,10,63.237864073446644
55,25,34,54,10,64.22523005665238
55,25,35,51,9,57.46829083977164
55,25,30,58,13,88.10953685868657
55,25,39,52,11,69.90221897011992
55,25,83,33,10,59.79330412256631
55,25,82,38,14,78.10975291406942
55,25,81,34,12,73.37860097951327
55,25,84,43,19,116.79232352328646
55,25,82,34,8,47.97621910787585
55,25,84,39,11,67.411603521385
55,25,82,34,8,47.08798571738297
55,25,79,32,20,117.15528851890657
55,25,81,34,11,70.20713587238039
55,25,82,43,18,121.96468589909259
55,25,81,43,12,63.22273204974982
55,25,82,39,13,84.01700336650562
55,25,80,33,12,76.78248537016749
55,25,83,79,25,178.20277818243622
55,25,91,79,23,150.73310317321025
55,25,87,68,24,161.03791236029718
55,25,89,79,20,137.15380375924133
55,25,88,65,18,120.68657831100985
55,25,90,73,24,167.3783442754733
55,25,90,77,19,130.07718729558547
55,25,88,79,22,139.87292259649203
55,25,86,76,21,143.9817659075061
55,25,90,76,24,161.7844597339299
55,25,88,73,18,122.07622664948876
55,25,91,66,20,132.2196717152659
55,25,91,75,21,137.86152103701795
55,25,87,73,23,145.0933776397157
55,25,88,77,20,134.52668765075558
55,25,91,81,24,170.52200979322598
55,25,88,67,17,112.57226010302867
55,25,86,75,23,151.15084301926657
55,25,90,71,16,108.67377838556452
55,25,89,70,23,159.84423605971068
55,25,89,70,26,147.78939272189675
55,25,91,77,25,173.31757195215255
55,25,89,80,20,125.8762631102554
55,25,91,73,23,155.40591167277972
55,25,87,80,19,129.5951094758551
55,25,63,39,5,26.84196436493474
55,25,61,36,5,25.54813027159005
55,25,63,37,7,38.886382749781
55,25,63,38,5,27.351351476958413
55,25,63,34,5,24.136716239695552
55,25,62,36,5,25.770909375779755
55,25,62,35,5,27.699238083058166
55,25,63,35,4,21.420204162146653
55,25,62,38,6,36.06085507336237
55,25,63,34,4,20.001836288739586
55,25,64,35,4,21.768411714133094
55,25,63,34,4,20.228654713884637
55,25,66,35,5,27.159520936321826
55,25,66,38,5,25.402175972991845
55,25,64,34,6,29.57699991250048
55,25,67,38,5,26.593684833206375
55,25,63,35,5,21.35035352018558
55,25,88,97,26,177.46740164304424
55,25,83,97,26,170.5141748105432
55,25,88,94,28,183.60277461603667
55,25,85,95,28,172.19074132689406
55,25,86,94,28,168.76992568788174
55,25,80,95,27,212.73373116310515
55,25,88,98,29,213.60287859004504
55,25,83,96,32,190.69373479843662
55,25,81,93,34,225.993070498181
55,25,86,96,36,227.64898844374486
55,25,87,98,32,191.80467160899533
55,25,82,98,25,148.4651696846363
55,25,80,95,32,184.25002319559633
65,25,41,80,25,169.9773308156788
65,25,35,77,20,136.07256492313306
65,25,37,75,22,144.2470759844979
65,25,37,77,24,165.34185991266065
65,25,39,80,21,138.42517333007706
65,25,38,78,19,128.29965100911727
65,25,36,77,20,139.1850018046576
65,25,34,76,19,125.93688856499361
65,25,38,73,18,116.46063359157043
65,25,36,72,33,224.59878967848056
65,25,37,70,19,130.90204883630983
65,25,38,79,24,153.38039114133105
65,25,33,69,15,104.24026257908547
65,25,36,71,21,138.57517799835125
65,25,36,75,22,147.79263937740686
65,25,34,76,25,171.2747287003294
65,25,39,80,22,148.90409125526685
65,25,34,77,27,183.42467250274083
65,25,35,80,22,150.30173112766985
65,25,35,73,20,135.54150929701956
65,25,37,70,27,153.0621673467944
65,25,38,53,13,74.67785787307068
65,25,30,55,13,85.12178095345749
65,25,36,52,10,63.849591464955196
65,25,37,54,15,99.97957190306023
65,25,37,54,12,74.96133809337188
65,25,30,58,14,93.96092515250402
65,25,34,52,12,78.26503455505255
65,25,33,53,17,110.12232248690219
65,25,34,54,12,77.51988985163263
65,25,31,56,12,77.15553620280768
65,25,39,52,10,60.8217932318634
65,25,33,52,12,78.16974803255624
65,25,34,55,14,89.23583696805983
65,25,34,54,13,82.35925318108438
65,25,35,51,11,72.02000753707726
65,25,30,58,20,130.53314199834793
65,25,39,52,21,149.36916394094925
65,25,83,33,7,42.159557483951964
65,25,82,38,8,45.51993023216955
65,25,81,34,8,49.351938317355895
65,25,84,43,8,47.70785218286266
65,25,82,34,6,35.734835496271074
65,25,84,39,10,56.19595795787298
65,25,82,34,9,52.87887920080311
65,25,79,32,6,32.26957938035321
65,25,81,34,8,50.91384193771763
65,25,82,43,8,48.951703321250456
65,25,81,43,8,49.884914309376676
65,25,82,39,8,47.07659973040842
65,25,80,33,8,50.38460973316575
65,25,83,79,22,153.34539048324942
65,25,91,79,18,119.00136082718636
65,25,87,68,18,126.3609112222282
65,25,89,79,18,119.63788935253226
65,25,88,65,14,92.2615931977339
65,25,90,73,17,103.63736447852442
65,25,90,77,25,180.8675730291761
65,25,88,79,16,107.19057374035549
65,25,86,76,18,117.57751677630318
65,25,90,76,20,135.30215457504684
65,25,88,73,16,107.87647964196606
65,25,91,66,18,116.75925957068145
65,25,91,75,20,132.30874719292564
65,25,87,73,17,113.65602930274619
65,25,88,77,15,100.57255765446068
65,25,91,81,23,144.56940809466155
65,25,88,67,26,157.63632795687184
65,25,86,75,19,125.25422123974818
65,25,90,71,26,179.94215711846385
65,25,89,70,20,136.57621600241362
65,25,89,70,18,119.568008086648
65,25,91,77,19,128.4573036489732
65,25,89,80,26,175.87933289890304
65,25,91,73,16,106.9227671235964
65,25,87,80,16,106.09685118213669
65,25,63,39,6,27.24494334314379
65,25,61,36,4,17.555370656175
65,25,63,37,5,28.13153744670764
65,25,63,38,4,19.667371171543685
65,25,63,34,3,13.878646804434819
65,25,62,36,5,22.94401419108309
65,25,62,35,6,32.15765005016009
65,25,63,35,5,28.582251563117875
65,25,62,38,6,33.587157070839034
65,25,63,34,4,20.086651902466922
65,25,64,35,4,17.543186315553516
65,25,63,34,4,15.753678185291218
65,25,66,35,4,16.78572596087225
65,25,66,38,5,23.976081250106166
65,25,64,34,3,13.429926884353353
65,25,67,38,4,19.942015275320596
65,25,63,35,4,16.108811179546443
65,25,88,97,42,241.71728099170966
65,25,83,97,24,170.1295208486673
65,25,88,94,26,173.44128354997545
65,25,85,95,39,241.5838894001713
65,25,86,94,39,267.39894250877916
65,25,80,95,26,173.67024247527587
65,25,88,98,35,251.32681918679822
65,25,83,96,33,224.44233526017007
65,25,81,93,37,238.0217213384399
65,25,86,96,39,270.3837712046645
65,25,87,98,29,179.17825530010396
65,25,82,98,40,251.40155370379472
65,25,80,95,27,169.00752045799405
75,25,41,80,27,187.3047732017235
75,25,35,77,27,187.1134631581524
75,25,37,75,21,143.6475584899203
75,25,37,77,24,163.15633474258274
75,25,39,80,22,153.04773257169256
75,25,38,78,22,147.18201457713897
75,25,36,77,23,155.88653029891645
75,25,34,76,26,176.99688137954186
75,25,38,73,27,183.85237604697903
75,25,36,72,25,173.20565278942988
75,25,37,70,26,178.09699465817766
75,25,38,79,23,159.7928598577783
75,25,33,69,22,150.46866147388513
75,25,36,71,29,170.81218008205818
75,25,36,75,25,168.90120572511375
75,25,34,76,28,185.58227906282082
75,25,39,80,28,191.48740396105816
75,25,34,77,20,138.63015698491955
75,25,35,80,27,185.13473983790627
75,25,35,73,25,169.52877761550306
75,25,37,70,20,135.75796516410685
75,25,38,53,27,180.6455030781414
75,25,30,55,17,108.62679815049505
75,25,36,52,14,88.22294985528742
75,25,37,54,21,138.92328481084832
75,25,37,54,15,96.60971308399988
75,25,30,58,20,139.5898956377957
75,25,34,52,15,100.27988978300867
75,25,33,53,15,92.96973025487856
75,25,34,54,14,93.25674831661713
75,25,31,56,18,113.07730369489752
75,25,39,52,14,90.87650786326698
75,25,33,52,14,93.5676865614494
75,25,34,55,21,119.0851603215913
75,25,34,54,25,169.08369844555105
75,25,35,51,15,95.41326755778199
75,25,30,58,15,100.08188004290373
75,25,39,52,18,118.18712352972472
75,25,83,33,7,54.601705907635186
75,25,82,38,28,192.49893704018567
75,25,81,34,8,49.00752736645129
75,25,84,43,8,48.72661659612341
75,25,82,34,11,62.31820458981366
75,25,84,39,9,50.53869550932752
75,25,82,34,4,17.750583552689378
75,25,79,32,3,12.212588583369303
75,25,81,34,4,16.88737711838678
75,25,82,43,6,35.06062827518117
75,25,81,43,6,34.41827614342472
75,25,82,39,6,27.73031593214298
75,25,80,33,4,16.754262508414207
75,25,83,79,17,110.58402347175426
75,25,91,79,15,98.5514421325316
75,25,87,68,13,86.26588076047298
75,25,89,79,16,104.50980764957018
75,25,88,65,23,149.13475852449474
75,25,90,73,14,92.32558975980052
75,25,90,77,15,97.03169099426277
75,25,88,79,21,134.98742675676246
75,25,86,76,17,113.01482952455646
75,25,90,76,17,112.14134447634568
75,25,88,73,13,81.15376871920306
75,25,91,66,12,85.92762056948462
75,25,91,75,15,100.01848342648054
75,25,87,73,15,92.33676273981187
75,25,88,77,16,94.48759976417797
75,25,91,81,15,96.7223258044516
75,25,88,67,13,83.40710072102931
75,25,86,75,15,98.82840044390576
75,25,90,71,13,84.37141859855176
75,25,89,70,15,94.95641687481125
75,25,89,70,12,78.6428229993774
75,25,91,77,16,105.7151596784856
75,25,89,80,18,115.85364031492183
75,25,91,73,14,91.74717181645632
75,25,87,80,16,97.52229108864762
75,25,63,39,5,27.820165407289252
75,25,61,36,7,42.057554716015595
75,25,63,37,7,38.2007107606063
75,25,63,38,7,41.135731051238025
75,25,63,34,5,27.24727188165894
75,25,62,36,7,35.313965002954134
75,25,62,35,7,41.601209136433994
75,25,63,35,5,28.46122414156835
75,25,62,38,6,30.362148648934927
75,25,63,34,5,27.353833775321558
75,25,64,35,6,31.392905380598737
75,25,63,34,5,23.029367583151426
75,25,66,35,5,24.627320155889116
75,25,66,38,5,27.592635038887625
75,25,64,34,7,40.82293574251251
75,25,67,38,8,46.034797975919275
75,25,63,35,5,28.113632753241166
75,25,88,97,21,130.98263571484952
75,25,83,97,25,177.34308635377874
75,25,88,94,22,136.76703563366988
75,25,85,95,25,159.14889108190496
75,25,86,94,23,148.71451971205556
75,25,80,95,23,140.34322667227062
75,25,88,98,22,126.47079682287168
75,25,83,96,23,164.96618087166604
75,25,81,93,26,149.46398092802895
75,25,86,96,30,197.90870018043188
75,25,87,98,30,206.5388105459152
75,25,82,98,22,138.2584631853997
75,25,80,95,39,245.48520387525755
85,25,41,80,33,227.4840263484797
85,25,35,77,25,173.17642478105836
85,25,37,75,34,235.98633809869187
85,25,37,77,29,201.06218870801624
85,25,39,80,26,178.29472851550412
85,25,38,78,27,183.96028585067106
85,25,36,77,30,202.31544502075172
85,25,34,76,23,155.25226605377526
85,25,38,73,26,181.11664731148645
85,25,36,72,26,176.8470420587716
85,25,37,70,24,166.57355680749254
85,25,38,79,33,242.89903745545797
85,25,33,69,28,194.5934194892615
85,25,36,71,23,159.0848559116679
85,25,36,75,22,151.2129900743101
85,25,34,76,25,161.66210145020344
85,25,39,80,28,189.73213497494189
85,25,34,77,33,257.3323655994651
85,25,35,80,29,193.70516142415283
85,25,35,73,26,168.4522733245527
85,25,37,70,26,181.71402425818266
85,25,38,53,15,99.5924265822199
85,25,30,55,19,126.47132224389874
85,25,36,52,22,150.24113005228486
85,25,37,54,18,122.83155960054484
85,25,37,54,17,116.7833439104355
85,25,30,58,22,148.8422494541199
85,25,34,52,18,110.80188093162123
85,25,33,53,18,108.72971307168129
85,25,34,54,18,120.46021108037064
85,25,31,56,25,166.51904840927375
85,25,39,52,25,168.2765627952876
85,25,33,52,23,158.5058329704365
85,25,34,55,24,157.66218725232207
85,25,34,54,19,127.9554699785228
85,25,35,51,15,99.28329984003999
85,25,30,58,19,129.93863262403076
85,25,39,52,17,113.25451732690634
85,25,83,33,7,36.02325197088831
85,25,82,38,5,26.98736013241895
85,25,81,34,4,15.871849622600049
85,25,84,43,5,27.37649396387372
85,25,82,34,5,25.29767970051363
85,25,84,39,4,21.485312840263965
85,25,82,34,4,16.105445547847516
85,25,79,32,4,16.333780900456283
85,25,81,34,3,14.33870906843191
85,25,82,43,7,39.155979780185845
85,25,81,43,7,41.29160700293199
85,25,82,39,5,26.443680972860108
85,25,80,33,5,23.729858843128845
85,25,83,79,15,98.61880485980933
85,25,91,79,15,99.39813604965236
85,25,87,68,12,78.76200229013084
85,25,89,79,14,89.29827247716247
85,25,88,65,10,64.35686137531104
85,25,90,73,12,76.91620016471794
85,25,90,77,14,91.82822974709053
85,25,88,79,15,97.11312741885081
85,25,86,76,13,77.30787144390166
85,25,90,76,14,91.52386920134565
85,25,88,73,13,83.89866503006908
85,25,91,66,12,85.94286991644599
85,25,91,75,13,82.12679927119764
85,25,87,73,11,71.49685643989224
85,25,88,77,15,94.15868893195766
85,25,91,81,15,95.72975691960137
85,25,88,67,13,75.15670601863422
85,25,86,75,15,97.7916937696771
85,25,90,71,13,81.01428657615844
85,25,89,70,12,74.57120712502348
85,25,89,70,12,77.82689442039229
85,25,91,77,16,107.73863814396215
85,25,89,80,15,96.92764725078791
85,25,91,73,12,77.86266839362845
85,25,87,80,16,100.0487541283648
85,25,63,39,9,56.72491604754932
85,25,61,36,7,41.36799853571925
85,25,63,37,7,39.36616163425679
85,25,63,38,7,42.29509595245109
85,25,63,34,8,50.99067410909165
85,25,62,36,9,54.88805529589696
85,25,62,35,9,54.82767549216519
85,25,63,35,8,45.385105967973715
85,25,62,38,8,51.52500320421807
85,25,63,34,7,42.071435598872306
85,25,64,35,12,76.01013202761459
85,25,63,34,7,40.16116578828107
85,25,66,35,6,35.333581574676174
85,25,66,38,7,43.4331454388671
85,25,64,34,8,47.92138921514851
85,25,67,38,8,48.19964840897906
85,25,63,35,6,37.39636605251964
85,25,88,97,22,123.73971848302236
85,25,83,97,22,133.41506505946302
85,25,88,94,23,135.59328650093897
85,25,85,95,22,138.7337212910318
85,25,86,94,20,131.67299782656414
85,25,80,95,21,139.2529524854002
85,25,88,98,20,128.37559729810968
85,25,83,96,19,128.23742339154484
85,25,81,93,31,201.48304525159563
85,25,86,96,34,221.85836153532537
85,25,87,98,19,128.1397695464546
85,25,82,98,25,145.40817221640248
85,25,80,95,24,137.82252033209448
95,25,41,80,33,212.18391268526474
95,25,35,77,27,188.40987204715066
95,25,37,75,31,212.32739544360834
95,25,37,77,32,205.0740566925415
95,25,39,80,33,230.0391230052152
95,25,38,78,36,240.09403183652412
95,25,36,77,29,197.31565248750152
95,25,34,76,30,208.9412356878812
95,25,38,73,35,242.0502050500199
95,25,36,72,43,283.90902220448726
95,25,37,70,31,204.93165363274812
95,25,38,79,37,258.20053608383455
95,25,33,69,26,187.37282786587875
95,25,36,71,28,191.15348756803502
95,25,36,75,29,202.40744989267387
95,25,34,76,41,279.90076480639
95,25,39,80,35,240.27754824926555
95,25,34,77,32,216.19048393613232
95,25,35,80,27,187.70759894770478
95,25,35,73,36,229.2019715941932
95,25,37,70,25,174.57691635071345
95,25,38,53,17,114.34617733387216
95,25,30,55,19,130.04345742702918
95,25,36,52,19,128.2072179775247
95,25,37,54,22,154.71127247359954
95,25,37,54,20,133.5583025682793
95,25,30,58,27,172.17883487925326
95,25,34,52,25,169.263416507692
95,25,33,53,23,155.88767169459783
95,25,34,54,25,162.90336508756806
95,25,31,56,39,237.11247722694065
95,25,39,52,19,127.93849598665471
95,25,33,52,25,168.64556905593355
95,25,34,55,19,130.15968011123564
95,25,34,54,20,134.27130428747247
95,25,35,51,19,131.88117887037154
95,25,30,58,20,139.05794712141608
95,25,39,52,21,137.4237454517432
95,25,83,33,4,21.293878485254957
95,25,82,38,10,59.38128090003574
95,25,81,34,6,34.63045315777348
95,25,84,43,7,41.82466535655859
95,25,82,34,6,34.4339771548837
95,25,84,39,6,31.849651738346417
95,25,82,34,5,28.691761522217366
95,25,79,32,5,29.05042373674123
95,25,81,34,5,26.91801600453598
95,25,82,43,7,37.97392695571095
95,25,81,43,8,45.94269542209095
95,25,82,39,7,38.824246561935794
95,25,80,33,5,26.870349954914744
95,25,83,79,15,100.50937426273038
95,25,91,79,14,93.21519827149447
95,25,87,68,13,83.02189609067347
95,25,89,79,16,104.5525918191202
95,25,88,65,11,69.90663225193776
95,25,90,73,14,94.2747578574606
95,25,90,77,15,102.09088455299194
95,25,88,79,15,99.77448770660749
95,25,86,76,13,83.6660388089712
95,25,90,76,15,95.01561279858383
95,25,88,73,13,87.11740065516699
95,25,91,66,12,77.27067411001619
95,25,91,75,14,93.04378682718594
95,25,87,73,13,84.26994007679266
95,25,88,77,14,91.89556193607417
95,25,91,81,16,105.92650695954802
95,25,88,67,12,78.91853434935638
95,25,86,75,17,105.82561354297893
95,25,90,71,14,88.11678434897566
95,25,89,70,16,88.00860474170197
95,25,89,70,13,81.4573954065173
95,25,91,77,18,128.19134310823077
95,25,89,80,15,97.2318270072736
95,25,91,73,14,91.40225940820318
95,25,87,80,16,108.15929718979905
95,25,63,39,14,88.1044132207407
95,25,61,36,11,67.52504033986733
95,25,63,37,11,69.34064357806635
95,25,63,38,10,61.58236952099805
95,25,63,34,10,64.24941586895234
95,25,62,36,10,64.68165382740008
95,25,62,35,12,70.24539229139073
95,25,63,35,11,72.636400905808
95,25,62,38,11,70.97796248045465
95,25,63,34,13,83.71215570376003
95,25,64,35,10,58.82752300606894
95,25,63,34,10,65.21500355122444
95,25,66,35,9,59.24750315936251
95,25,66,38,31,213.20613974256224
95,25,64,34,10,63.88786146050648
95,25,67,38,11,71.51329989692796
95,25,63,35,11,70.84877113326827
95,25,88,97,22,125.70524464576057
95,25,83,97,31,203.4814589036308
95,25,88,94,21,129.33159962127547
95,25,85,95,25,156.56596077503747
95,25,86,94,27,177.52767345773216
95,25,80,95,20,133.75111633354754
95,25,88,98,23,132.0214869264524
95,25,83,96,21,136.29890198741765
95,25,81,93,23,144.6157379583601
95,25,86,96,22,123.14774166809106
95,25,87,98,22,134.12875519765703
95,25,82,98,23,125.82260786791845
95,25,80,95,24,135.63928288345318
25,37,41,80,18,107.39218878127707
25,37,35,77,13,83.18094928496281
25,37,37,75,13,86.79350075892114
25,37,37,77,16,105.71604397366144
25,37,39,80,14,91.94261976656131
25,37,38,78,11,71.83588629229963
25,37,36,77,16,109.21889166888107
25,37,34,76,11,72.6991969465137
25,37,38,73,17,113.72425549763813
25,37,36,72,12,78.97539384513935
25,37,37,70,12,76.49200890999796
25,37,38,79,15,95.99526008476417
25,37,33,69,14,86.55914584697298
25,37,36,71,14,91.42294398704995
25,37,36,75,12,79.3295475044616
25,37,34,76,14,90.9446463393258
25,37,39,80,21,133.0595679684974
25,37,34,77,15,100.94404539547293
25,37,35,80,12,79.05582168235071
25,37,35,73,11,72.8933838262434
25,37,37,70,16,104.0622018462754
25,37,38,53,7,38.224245030745855
25,37,30,55,8,47.766811820984884
25,37,36,52,6,29.969306719826765
25,37,37,54,9,56.44441029861162
25,37,37,54,7,42.229284805591924
25,37,30,58,7,40.885207730571956
25,37,34,52,6,32.60331430089853
25,37,33,53,6,30.93739026939004
25,37,34,54,9,56.11887170409634
25,37,31,56,11,71.36611581816473
25,37,39,52,7,39.990179123630334
25,37,33,52,5,25.725258786290684
25,37,34,55,7,40.228108148489284
25,37,34,54,7,39.867305231625025
25,37,35,51,6,29.819280628133328
25,37,30,58,7,39.21997968256188
25,37,39,52,8,47.72623998448673
25,37,83,33,21,144.29916786171066
25,37,82,38,19,125.90322403795346
25,37,81,34,17,119.92835158653385
25,37,84,43,19,128.43575938027118
25,37,82,34,21,144.40461955499498
25,37,84,39,18,118.35314808084395
25,37,82,34,18,121.22344116819832
25,37,79,32,16,106.8380584912337
25,37,81,34,17,113.57211278950238
25,37,82,43,19,129.65121685900692
25,37,81,43,24,149.44587868704286
25,37,82,39,19,129.53961927445206
25,37,80,33,16,108.99103148269677
25,37,83,79,29,164.6893112812986
25,37,91,79,22,148.55356210619607
25,37,87,68,20,132.1186301884212
25,37,89,79,23,156.56325121210455
25,37,88,65,20,128.82330901617732
25,37,90,73,28,194.8047756977061
25,37,90,77,26,178.99543690337475
25,37,88,79,27,164.80799774909346
25,37,86,76,31,204.95132676608773
25,37,90,76,27,178.9741687762301
25,37,88,73,22,151.58155591724906
25,37,91,66,23,157.00343743084505
25,37,91,75,23,156.74594737059792
25,37,87,73,20,141.30991854497046
25,37,88,77,30,201.28558751242076
25,37,91,81,24,165.0972401815232
25,37,88,67,21,142.66100658691866
25,37,86,75,24,159.42680117052385
25,37,90,71,21,132.88018858663312
25,37,89,70,24,157.54952734688686
25,37,89,70,21,133.83070712701806
25,37,91,77,29,179.0441028806149
25,37,89,80,33,212.53263631377317
25,37,91,73,28,185.0284642357319
25,37,87,80,30,205.65150436316478
25,37,63,39,15,84.54524020398803
25,37,61,36,15,95.66512527150941
25,37,63,37,16,99.3364215643202
25,37,63,38,12,79.16905982940422
25,37,63,34,11,71.52170200552979
25,37,62,36,20,135.48476159341155
25,37,62,35,16,103.21219876420618
25,37,63,35,20,132.61350676157394
25,37,62,38,11,69.68029190216686
25,37,63,34,14,89.95981377528696
25,37,64,35,12,75.42069587329689
25,37,63,34,14,88.05777802115855
25,37,66,35,11,72.27183756202331
25,37,66,38,19,130.99118809467947
25,37,64,34,12,74.81142587309213
25,37,67,38,17,112.2117865905557
25,37,63,35,13,84.85076485376376
25,37,88,97,27,168.5736408702372
25,37,83,97,28,179.7109384826416
25,37,88,94,30,183.86630657387352
25,37,85,95,35,241.06693124996823
25,37,86,94,37,226.8913817375872
25,37,80,95,23,149.99883798312038
25,37,88,98,29,184.7287618911645
25,37,83,96,22,141.71228946211184
25,37,81,93,24,153.22529136591243
25,37,86,96,24,156.61659377357847
25,37,87,98,33,253.92332244886117
25,37,82,98,32,218.39927737459152
25,37,80,95,30,185.91683105773114
35,37,41,80,14,85.04787143762354
35,37,35,77,17,113.53702821499
35,37,37,75,12,78.30555149765101
35,37,37,77,12,79.69481841197195
35,37,39,80,22,149.07465091478252
35,37,38,78,13,87.9923760950489
35,37,36,77,13,87.84343093124899
35,37,34,76,11,71.30158934014081
35,37,38,73,14,93.30768953706117
35,37,36,72,24,157.6783791821017
35,37,37,70,11,70.13669684212306
35,37,38,79,14,94.6482410692171
35,37,33,69,13,87.80884378668337
35,37,36,71,12,77.28205600476896
35,37,36,75,18,120.5442087368865
35,37,34,76,12,78.92569072415368
35,37,39,80,15,99.54675873454514
35,37,34,77,11,68.61246009068688
35,37,35,80,19,130.09021200038225
35,37,35,73,14,92.94679997913921
35,37,37,70,18,103.57083727917305
35,37,38,53,11,69.18466178434433
35,37,30,55,7,40.67915319098116
35,37,36,52,5,26.546441648369125
35,37,37,54,9,48.8612268601934
35,37,37,54,5,26.226873433505308
35,37,30,58,7,37.155227336454935
35,37,34,52,5,26.54332379863505
35,37,33,53,5,26.32615343676529
35,37,34,54,7,40.96232701344969
35,37,31,56,7,30.601181951112697
35,37,39,52,6,32.8714754826282
35,37,33,52,6,35.04383620170729
35,37,34,55,5,28.455006995825755
35,37,34,54,5,28.86603272823816
35,37,35,51,6,33.007342852640136
35,37,30,58,8,40.51167622996489
35,37,39,52,8,48.802856220232634
35,37,83,33,15,97.07211762938488
35,37,82,38,20,131.63276223175498
35,37,81,34,16,93.99016769895236
35,37,84,43,20,138.55323749256127
35,37,82,34,14,93.66146482349303
35,37,84,39,20,135.9249507600953
35,37,82,34,20,136.4819206909901
35,37,79,32,21,138.8060740194071
35,37,81,34,19,126.59196067365576
35,37,82,43,16,108.49861737171017
35,37,81,43,21,145.20459086627133
35,37,82,39,22,122.61388218579545
35,37,80,33,14,87.68904826469759
35,37,83,79,21,144.02272961496712
35,37,91,79,24,173.42493519649324
35,37,87,68,19,130.002470994773
35,37,89,79,29,193.59957827286996
35,37,88,65,24,161.73368964873387
35,37,90,73,22,150.05568304829626
35,37,90,77,27,173.69588362094507
35,37,88,79,29,178.0531353974272
35,37,86,76,20,129.4506080385125
35,37,90,76,21,135.93357820690906
35,37,88,73,23,142.02289908715795
35,37,91,66,23,158.23942788512005
35,37,91,75,31,204.4745152854589
35,37,87,73,19,126.42402903890586
35,37,88,77,23,160.25037393184286
35,37,91,81,26,185.72605195991875
35,37,88,67,18,122.26421382325097
35,37,86,75,24,154.21420245538744
35,37,90,71,22,146.16143288856264
35,37,89,70,18,121.11869828122026
35,37,89,70,17,114.99666825158363
35,37,91,77,21,139.73772361449682
35,37,89,80,24,164.31941086742728
35,37,91,73,26,169.5789776562932
35,37,87,80,21,137.59890323566205
35,37,63,39,13,81.2960167385625
35,37,61,36,17,95.34366639820902
35,37,63,37,12,76.98917180991255
35,37,63,38,10,63.037746721099694
35,37,63,34,12,72.10305480863948
35,37,62,36,8,47.874883547709395
35,37,62,35,10,63.22808220998897
35,37,63,35,8,50.14116516791926
35,37,62,38,19,115.36592490847647
35,37,63,34,12,75.27171805492976
35,37,64,35,10,58.29718035145763
35,37,63,34,11,61.79136594111087
35,37,66,35,13,86.50619632832019
35,37,66,38,11,78.07068170306832
35,37,64,34,9,57.79733875341742
35,37,67,38,10,59.2381737567906
35,37,63,35,10,59.30481747753008
35,37,88,97,28,185.94876470290498
35,37,83,97,34,210.35653633834818
35,37,88,94,26,175.05324766115666
35,37,85,95,28,176.49040091413804
35,37,86,94,29,188.9298557642733
35,37,80,95,28,197.84009989951593
35,37,88,98,30,201.48409583170886
35,37,83,96,23,154.92988784823623
35,37,81,93,20,136.2678200664421
35,37,86,96,26,186.21354273566013
35,37,87,98,27,179.08611526509472
35,37,82,98,27,171.4991700235185
35,37,80,95,30,189.93122691634701
45,37,41,80,20,130.76622965552983
45,37,35,77,19,131.34851210489032
45,37,37,75,17,106.81285004606333
45,37,37,77,15,98.48491928442728
45,37,39,80,18,118.65058098485288
45,37,38,78,15,101.60775969031299
45,37,36,77,18,109.0888718095389
45,37,34,76,13,86.3373388787737
45,37,38,73,14,88.72928726413375
45,37,36,72,13,88.00664418620941
45,37,37,70,14,94.22191793786757
45,37,38,79,13,87.34642327322067
45,37,33,69,10,64.38108063760315
45,37,36,71,20,132.60721052052205
45,37,36,75,13,86.93719369436333
45,37,34,76,15,98.21505257004846
45,37,39,80,19,126.21606991799418
45,37,34,77,18,107.64710594192418
45,37,35,80,17,115.76017250647566
45,37,35,73,12,87.6466901501763
45,37,37,70,18,115.92328790940464
45,37,38,53,6,31.134970966738283
45,37,30,55,8,50.40489520040115
45,37,36,52,7,39.52784921532414
45,37,37,54,6,36.487458808147984
45,37,37,54,6,31.292328925061796
45,37,30,58,11,68.66652157248285
45,37,34,52,7,41.67732286844613
45,37,33,53,6,33.74878184591339
45,37,34,54,9,57.34551310529774
45,37,31,56,8,46.188897813404225
45,37,39,52,6,35.55471637629013
45,37,33,52,7,39.824504463554426
45,37,34,55,7,38.38632947506351
45,37,34,54,6,32.53297404992223
45,37,35,51,6,35.73042594572547
45,37,30,58,8,45.93313629101884
45,37,39,52,6,31.789585749623313
45,37,83,33,15,91.13817905268124
45,37,82,38,13,85.18853682758078
45,37,81,34,15,96.04067839556117
45,37,84,43,19,119.33110456287315
45,37,82,34,14,91.46750213151414
45,37,84,39,13,81.15243166256809
45,37,82,34,14,72.53709004773886
45,37,79,32,12,71.210161830969
45,37,81,34,16,107.74842009802605
45,37,82,43,17,101.40930634231366
45,37,81,43,19,127.49699114719633
45,37,82,39,15,96.45902245623262
45,37,80,33,11,68.99598270207561
45,37,83,79,21,145.4356319624233
45,37,91,79,24,164.22382220738993
45,37,87,68,17,106.73255931200056
45,37,89,79,25,164.51929493236867
45,37,88,65,17,110.50386534789281
45,37,90,73,23,148.28845232490193
45,37,90,77,30,196.69909684636863
45,37,88,79,23,158.61400179018818
45,37,86,76,20,137.03381019482967
45,37,90,76,17,115.37892256165348
45,37,88,73,16,104.75851224077968
45,37,91,66,16,106.19027706762554
45,37,91,75,23,157.62498328767765
45,37,87,73,28,183.14735745679062
45,37,88,77,20,143.2781970264038
45,37,91,81,21,138.16070612886065
45,37,88,67,18,119.60894122742859
45,37,86,75,29,181.75690766358917
45,37,90,71,22,124.2775739927733
45,37,89,70,22,154.66190311113613
45,37,89,70,22,143.2302661208596
45,37,91,77,19,127.5425721151192
45,37,89,80,23,161.55080242273704
45,37,91,73,20,134.23561636269272
45,37,87,80,26,179.07092565735698
45,37,63,39,14,91.81598981057925
45,37,61,36,9,52.7134556250415
45,37,63,37,10,63.36351036902077
45,37,63,38,11,78.49010006899528
45,37,63,34,9,50.64343599918817
45,37,62,36,9,49.643777772126995
45,37,62,35,13,81.19690257223687
45,37,63,35,9,50.44271374029524
45,37,62,38,8,47.24314686218369
45,37,63,34,9,57.910684795744594
45,37,64,35,11,72.23084887078795
45,37,63,34,8,46.46374891028205
45,37,66,35,8,48.657585023278536
45,37,66,38,7,43.85621207612455
45,37,64,34,8,45.011466581530286
45,37,67,38,7,41.31919547878607
45,37,63,35,8,51.48160470753209
45,37,88,97,22,139.7535555315482
45,37,83,97,29,197.75204775113707
45,37,88,94,20,138.83144532955694
45,37,85,95,21,133.793024742309
45,37,86,94,23,156.52990790438778
45,37,80,95,21,127.71309951180633
45,37,88,98,20,134.32220739886475
45,37,83,96,21,140.58725379016707
45,37,81,93,29,177.4119969242651
45,37,86,96,19,130.1674739787035
45,37,87,98,20,132.0824590268716
45,37,82,98,29,169.37784031727682
45,37,80,95,26,178.38781831295117
65,37,41,80,24,166.30692186408754
65,37,35,77,20,135.99597424617076
65,37,37,75,23,154.74569969465097
65,37,37,77,25,171.11434287916506
65,37,39,80,28,189.17981226695036
65,37,38,78,19,129.2415362533573
65,37,36,77,19,125.87768411005885
65,37,34,76,17,113.40261564454018
65,37,38,73,27,184.45675363815752
65,37,36,72,20,135.56793331549852
65,37,37,70,18,122.28254893748974
65,37,38,79,25,170.77118864042865
65,37,33,69,19,132.93427807037637
65,37,36,71,20,137.67809132546358
65,37,36,75,23,150.49663826388866
65,37,34,76,21,139.8413259313129
65,37,39,80,30,204.67418965699912
65,37,34,77,26,178.8155762196085
65,37,35,80,21,151.58731284956022
65,37,35,73,29,200.74146557952076
65,37,37,70,18,121.10112043374842
65,37,38,53,11,72.12110930100776
65,37,30,55,15,99.27611967836397
65,37,36,52,14,88.3764275274185
65,37,37,54,12,78.50716204011597
65,37,37,54,12,76.1371533150423
65,37,30,58,17,113.54510184166803
65,37,34,52,13,81.81782952508217
65,37,33,53,13,84.1645017628424
65,37,34,54,13,83.91382303700941
65,37,31,56,16,103.29643133374987
65,37,39,52,12,74.64616894573899
65,37,33,52,12,74.99192460982437
65,37,34,55,14,92.72414286176182
65,37,34,54,19,129.21365382561407
65,37,35,51,15,100.50541416577886
65,37,30,58,16,108.90094928434472
65,37,39,52,9,58.30683051878338
65,37,83,33,8,47.67443581700017
65,37,82,38,7,41.622508494180494
65,37,81,34,7,41.65266164433354
65,37,84,43,11,68.22928868179231
65,37,82,34,6,31.934634489156863
65,37,84,39,8,48.92103759151899
65,37,82,34,18,127.72012923144027
65,37,79,32,8,48.46757290058699
65,37,81,34,5,29.10505457419917
65,37,82,43,9,57.21207665233721
65,37,81,43,15,101.76818768828966
65,37,82,39,10,61.03783890655994
65,37,80,33,7,40.52001046538351
65,37,83,79,26,171.90945399681704
65,37,91,79,18,113.07257009442569
65,37,87,68,26,171.4292489751369
65,37,89,79,16,107.57696717417839
65,37,88,65,23,155.70447810243252
65,37,90,73,19,119.16564121412442
65,37,90,77,18,118.24433924186094
65,37,88,79,21,138.75891003289618
65,37,86,76,20,141.1287391724293
65,37,90,76,15,101.8457487850388
65,37,88,73,22,150.72703201895658
65,37,91,66,20,141.04961513915276
65,37,91,75,19,120.13740418462207
65,37,87,73,23,145.54692252002334
65,37,88,77,18,121.80596889061545
65,37,91,81,19,128.59274037087457
65,37,88,67,21,158.55147587393344
65,37,86,75,23,154.3720972351314
65,37,90,71,24,151.78971613065943
65,37,89,70,25,164.56500496971816
65,37,89,70,18,148.0670942598303
65,37,91,77,25,169.12816469302493
65,37,89,80,25,178.46991078141792
65,37,91,73,19,121.24511549618019
65,37,87,80,28,192.35654427694047
65,37,63,39,3,14.320810134799544
65,37,61,36,3,9.388097125520797
65,37,63,37,3,12.326726361549316
65,37,63,38,3,13.986334248658984
65,37,63,34,3,13.798493314100746
65,37,62,36,3,10.57418259732573
65,37,62,35,3,10.298246057671337
65,37,63,35,3,11.627501756306735
65,37,62,38,3,13.704453631538616
65,37,63,34,3,9.27605751964698
65,37,64,35,3,12.881864143869663
65,37,63,34,3,10.794554722533666
65,37,66,35,3,12.185148843539245
65,37,66,38,3,14.516668190851213
65,37,64,34,3,10.918991939705938
65,37,67,38,3,11.707901176152204
65,37,63,35,3,12.287336306661572
65,37,88,97,25,163.18259645934103
65,37,83,97,25,172.42393797164365
65,37,88,94,34,240.53903794820303
65,37,85,95,23,152.18770660892636
65,37,86,94,28,168.98491223713194
65,37,80,95,25,194.53782989857817
65,37,88,98,29,178.79736533570141
65,37,83,96,28,191.10977158793028
65,37,81,93,30,180.54583815231697
65,37,86,96,25,191.29384532244842
65,37,87,98,28,196.34653219333856
65,37,82,98,27,173.80339303371954
65,37,80,95,26,186.81772362297906
85,37,41,80,26,173.10230268358546
85,37,35,77,31,213.27045389218753
85,37,37,75,30,195.68217822871085
85,37,37,77,27,190.00490203087458
85,37,39,80,36,243.16191493425973
85,37,38,78,27,193.1994662227855
85,37,36,77,25,170.30553370871
85,37,34,76,28,193.27076710015635
85,37,38,73,32,214.70516386413217
85,37,36,72,28,173.7393265851919
85,37,37,70,23,156.66955284347668
85,37,38,79,28,196.5925276009625
85,37,33,69,37,234.49270286716632
85,37,36,71,24,163.9323080360797
85,37,36,75,27,176.32681064365175
85,37,34,76,27,188.9885514613316
85,37,39,80,27,182.89829332693395
85,37,34,77,30,196.4547586209683
85,37,35,80,26,176.66228401118443
85,37,35,73,30,208.20370205982238
85,37,37,70,26,181.18840101923792
85,37,38,53,24,156.93179551324187
85,37,30,55,19,128.89361181563626
85,37,36,52,14,93.9088752804692
85,37,37,54,20,131.9397988314176
85,37,37,54,19,124.96867993897646
85,37,30,58,18,124.58811447589065
85,37,34,52,23,145.57438916596502
85,37,33,53,21,139.9149979703612
85,37,34,54,20,134.95557872467117
85,37,31,56,24,161.6593824555561
85,37,39,52,15,98.80533454758796
85,37,33,52,19,126.1357181865844
85,37,34,55,17,115.78431815180288
85,37,34,54,23,157.94754317909616
85,37,35,51,16,104.59081332132013
85,37,30,58,27,184.81200574914283
85,37,39,52,20,115.10383419534799
85,37,83,33,3,8.956464004746785
85,37,82,38,3,12.210486777918852
85,37,81,34,3,8.228978330446472
85,37,84,43,3,11.142612885165551
85,37,82,34,3,13.268941815723643
85,37,84,39,3,12.173418780538302
85,37,82,34,3,13.76104428030781
85,37,79,32,3,12.59442338168354
85,37,81,34,3,9.737565378865234
85,37,82,43,3,12.58471784624878
85,37,81,43,3,13.359631667495504
85,37,82,39,3,11.330100643631333
85,37,80,33,3,12.264564624873746
85,37,83,79,16,91.52673575514845
85,37,91,79,11,68.63434915077883
85,37,87,68,9,56.25834985765575
85,37,89,79,11,69.10206094112236
85,37,88,65,9,52.86560872987405
85,37,90,73,10,62.028101999698414
85,37,90,77,10,64.82968991164037
85,37,88,79,11,72.93229432837167
85,37,86,76,11,71.91335822313276
85,37,90,76,10,58.92298327345594
85,37,88,73,10,61.59574281553614
85,37,91,66,9,55.5997133157884
85,37,91,75,12,77.79703883069735
85,37,87,73,11,67.4820469097179
85,37,88,77,13,81.8663268365903
85,37,91,81,12,76.11343389076063
85,37,88,67,9,51.95456128793472
85,37,86,75,9,56.54111483248125
85,37,90,71,11,71.43025019519034
85,37,89,70,9,54.89525635949829
85,37,89,70,10,62.12347761871793
85,37,91,77,11,70.74796548726502
85,37,89,80,12,80.32910146419286
85,37,91,73,10,62.15102958409124
85,37,87,80,11,68.5598924422156
85,37,63,39,8,44.85571994190425
85,37,61,36,7,44.31020183616726
85,37,63,37,26,163.88372248714896
85,37,63,38,11,69.0457502778169
85,37,63,34,11,67.64938706970231
85,37,62,36,7,40.17983591951636
85,37,62,35,7,44.65424148497122
85,37,63,35,10,59.96745794423805
85,37,62,38,8,48.6112758944094
85,37,63,34,7,43.33792945876855
85,37,64,35,8,50.03524535306694
85,37,63,34,8,46.064851289361506
85,37,66,35,10,64.73270515412108
85,37,66,38,9,56.18502031168017
85,37,64,34,9,54.12376813473859
85,37,67,38,7,42.250540541310556
85,37,63,35,9,52.51143982507406
85,37,88,97,18,132.96716417977194
85,37,83,97,21,139.95654989905435
85,37,88,94,17,112.50178799838442
85,37,85,95,20,113.29062819721283
85,37,86,94,18,107.47572874267252
85,37,80,95,23,137.27136378843872
85,37,88,98,16,105.14724395896116
85,37,83,96,21,139.8245044961441
85,37,81,93,21,135.7754110291229
85,37,86,96,20,111.75371439552856
85,37,87,98,17,103.61867763222591
85,37,82,98,23,119.45048359404105
85,37,80,95,22,148.25728252855407
95,37,41,80,39,259.3240808426861
95,37,35,77,25,171.08531790198293
95,37,37,75,32,213.97269648850377
95,37,37,77,40,264.23738324309016
95,37,39,80,31,207.01351479853452
95,37,38,78,28,190.8521768007006
95,37,36,77,26,182.16359584301253
95,37,34,76,36,243.91028462353643
95,37,38,73,33,228.1609248090758
95,37,36,72,32,190.99727330212687
95,37,37,70,27,185.30077187050472
95,37,38,79,31,212.6806726273945
95,37,33,69,23,167.20899260208236
95,37,36,71,28,187.74910989529303
95,37,36,75,33,214.44764817109888
95,37,34,76,24,168.02470214032172
95,37,39,80,31,239.1664366365787
95,37,34,77,28,197.43919705513372
95,37,35,80,32,223.20429737033945
95,37,35,73,27,178.49531184515774
95,37,37,70,33,224.63358662448195
95,37,38,53,17,115.18554681422987
95,37,30,55,21,142.8431766727518
95,37,36,52,21,139.22844667127038
95,37,37,54,22,150.8611086993826
95,37,37,54,28,187.71653804260885
95,37,30,58,30,207.87680175758032
95,37,34,52,20,135.6192365370217
95,37,33,53,20,135.47818104963292
95,37,34,54,20,133.19781703983145
95,37,31,56,27,183.55682265779436
95,37,39,52,17,116.23192504736573
95,37,33,52,20,134.7734131357539
95,37,34,55,29,197.33659412798156
95,37,34,54,17,114.24593145977718
95,37,35,51,24,159.16593852512412
95,37,30,58,20,134.8542271546065
95,37,39,52,18,118.22548757358966
95,37,83,33,4,20.433415990967724
95,37,82,38,5,28.014984322079464
95,37,81,34,5,22.548042660624308
95,37,84,43,5,24.87090306362864
95,37,82,34,5,26.11439425851659
95,37,84,39,5,25.230370463268972
95,37,82,34,4,20.445040045774956
95,37,79,32,8,45.80465629081585
95,37,81,34,7,38.20685032547591
95,37,82,43,5,26.194542909831046
95,37,81,43,5,29.42200693609363
95,37,82,39,5,26.79566777862957
95,37,80,33,6,33.45969665891956
95,37,83,79,13,86.20913826627346
95,37,91,79,11,70.64164137531336
95,37,87,68,9,55.435500279469885
95,37,89,79,11,69.27988730147055
95,37,88,65,9,55.28277236990034
95,37,90,73,12,76.86115208588028
95,37,90,77,11,67.79028169544857
95,37,88,79,11,71.20724741185819
95,37,86,76,10,64.12155508884632
95,37,90,76,12,79.45293983910041
95,37,88,73,12,76.79751453192758
95,37,91,66,9,57.62311898874617
95,37,91,75,10,64.69325327559505
95,37,87,73,13,84.92416600326551
95,37,88,77,13,87.9039663879263
95,37,91,81,12,77.64618647232075
95,37,88,67,10,62.91161217013331
95,37,86,75,11,69.05675374369078
95,37,90,71,13,81.48085239428367
95,37,89,70,12,77.89723213811736
95,37,89,70,11,67.5497934047363
95,37,91,77,13,83.03221392254275
95,37,89,80,12,73.69137377250479
95,37,91,73,13,82.3709107720925
95,37,87,80,13,72.5953747417624
95,37,63,39,10,63.18590014572089
95,37,61,36,10,64.98208170841073
95,37,63,37,11,70.32326790374731
95,37,63,38,10,62.66134562563119
95,37,63,34,13,82.57737800660189
95,37,62,36,9,58.58914983507399
95,37,62,35,11,72.71692432471183
95,37,63,35,11,70.8499633307874
95,37,62,38,11,68.76317491503623
95,37,63,34,12,72.64623668047521
95,37,64,35,26,163.6307712757263
95,37,63,34,9,54.9963224388333
95,37,66,35,8,52.17186629845623
95,37,66,38,12,71.51538164718306
95,37,64,34,9,56.00758993352881
95,37,67,38,10,64.53352719691482
95,37,63,35,12,78.1396754709363
95,37,88,97,20,123.76362575629695
95,37,83,97,19,115.84283077640676
95,37,88,94,16,119.74479849800572
95,37,85,95,19,117.7724929008909
95,37,86,94,16,102.58827924166975
95,37,80,95,21,142.98779248046742
95,37,88,98,26,170.54465593067835
95,37,83,96,20,117.36609522070637
95,37,81,93,22,142.01904047648034
95,37,86,96,25,158.14654421096273
95,37,87,98,15,97.70031068014472
95,37,82,98,27,146.636814502366
95,37,80,95,25,152.2370663060065
25,48,41,80,14,91.3688131855458
25,48,35,77,11,70.0203300560025
25,48,37,75,11,70.6912498217356
25,48,37,77,10,64.35788043538676
25,48,39,80,11,72.40658180171592
25,48,38,78,11,70.21393074960177
25,48,36,77,9,57.579958979807216
25,48,34,76,11,63.26021216170584
25,48,38,73,15,91.76807785340823
25,48,36,72,13,80.96542924158946
25,48,37,70,14,90.05250247311012
25,48,38,79,11,68.52086872871965
25,48,33,69,13,76.75693894646318
25,48,36,71,8,48.86978645830361
25,48,36,75,11,67.1330714822306
25,48,34,76,8,50.17116880477131
25,48,39,80,11,71.29003756593717
25,48,34,77,12,79.14252292937286
25,48,35,80,10,65.59332561666204
25,48,35,73,15,101.98856029354593
25,48,37,70,8,51.15711144160879
25,48,38,53,4,21.15153645429271
25,48,30,55,4,20.00389463770847
25,48,36,52,5,25.96471998721338
25,48,37,54,5,25.818475644614153
25,48,37,54,5,25.3714661570643
25,48,30,58,4,20.707053005760628
25,48,34,52,4,17.307812154991744
25,48,33,53,3,14.015572971413672
25,48,34,54,7,42.03722358057249
25,48,31,56,4,21.568805701317903
25,48,39,52,5,26.11847009017541
25,48,33,52,4,20.32580454069688
25,48,34,55,7,42.57803491018603
25,48,34,54,7,41.116485121347836
25,48,35,51,4,20.96946722539555
25,48,30,58,4,20.68236090546558
25,48,39,52,5,24.88251069192591
25,48,83,33,19,125.13126926135561
25,48,82,38,21,144.55907901674348
25,48,81,34,20,138.02225101311558
25,48,84,43,21,140.24638663456906
25,48,82,34,21,139.61072866736419
25,48,84,39,19,126.08724583418487
25,48,82,34,20,134.5542596501012
25,48,79,32,14,92.0342880259856
25,48,81,34,18,121.85167994742721
25,48,82,43,28,181.17501907384093
25,48,81,43,19,130.95462085140642
25,48,82,39,26,162.34373178159095
25,48,80,33,18,121.44062411838743
25,48,83,79,26,211.4633804189334
25,48,91,79,21,141.07299793832405
25,48,87,68,28,192.81666609210947
25,48,89,79,21,141.16263987544653
25,48,88,65,26,177.90798756243328
25,48,90,73,19,130.4105867075946
25,48,90,77,20,137.52511383000459
25,48,88,79,25,161.0446488531711
25,48,86,76,25,155.7564227325729
25,48,90,76,34,208.35200255383694
25,48,88,73,23,156.09084328441165
25,48,91,66,19,131.0981215816958
25,48,91,75,24,165.47436237966522
25,48,87,73,24,162.1820725711939
25,48,88,77,24,164.81850330630317
25,48,91,81,26,182.999125647894
25,48,88,67,20,132.76148455469954
25,48,86,75,28,181.48305081507417
25,48,90,71,21,141.69218960603303
25,48,89,70,19,122.46866339030869
25,48,89,70,20,138.21850247291772
25,48,91,77,29,207.26800808850368
25,48,89,80,23,159.92763642417628
25,48,91,73,21,151.62164288339915
25,48,87,80,30,202.40442566351356
25,48,63,39,15,130.90744319859985
25,48,61,36,16,91.23512891576564
25,48,63,37,15,89.14045532193305
25,48,63,38,20,134.47952147923556
25,48,63,34,30,186.78269852324334
25,48,62,36,18,105.66408906136567
25,48,62,35,15,94.04757348493176
25,48,63,35,13,84.56684264903302
25,48,62,38,18,116.92998940162428
25,48,63,34,11,68.9310422581892
25,48,64,35,16,100.81422243586992
25,48,63,34,11,70.99496531538433
25,48,66,35,16,106.38115236656455
25,48,66,38,23,160.3677874155584
25,48,64,34,12,78.95763908311359
25,48,67,38,20,116.58512081339167
25,48,63,35,17,105.52254338231829
25,48,88,97,37,244.6893529363142
25,48,83,97,29,187.74269530827925
25,48,88,94,23,159.00413395418138
25,48,85,95,27,180.50587359613235
25,48,86,94,27,166.18042536150494
25,48,80,95,25,148.8938295424401
25,48,88,98,31,193.39446528935102
25,48,83,96,26,160.77093369937015
25,48,81,93,37,276.3921478221262
25,48,86,96,31,199.9635290256713
25,48,87,98,29,190.5995574922804
25,48,82,98,25,149.17277125938222
25,48,80,95,22,149.73854896272587
35,48,41,80,14,95.23607794258714
35,48,35,77,11,73.11346883845509
35,48,37,75,9,56.738456035050405
35,48,37,77,14,93.76966202175952
35,48,39,80,10,62.83284770525342
35,48,38,78,10,66.58677319015094
35,48,36,77,15,95.6191439702799
35,48,34,76,12,77.54011180946058
35,48,38,73,10,65.05900872132544
35,48,36,72,12,86.601991089463
35,48,37,70,11,71.83238724987933
35,48,38,79,12,71.30026718070627
35,48,33,69,13,80.57020657542706
35,48,36,71,14,81.20502434043077
35,48,36,75,8,51.058681306230035
35,48,34,76,8,50.69085770325273
35,48,39,80,10,63.00620880974642
35,48,34,77,12,77.07553676413224
35,48,35,80,22,147.40788967790456
35,48,35,73,7,44.165030870805346
35,48,37,70,8,48.942452468954514
35,48,38,53,3,10.579370963180825
35,48,30,55,7,39.460609814037845
35,48,36,52,3,8.479594435354844
35,48,37,54,3,10.14249427479465
35,48,37,54,3,10.307842334867445
35,48,30,58,5,25.921183874897338
35,48,34,52,3,10.29186773785527
35,48,33,53,3,9.863074342463776
35,48,34,54,3,8.936854304387099
35,48,31,56,3,13.330079041934145
35,48,39,52,3,12.50718014162372
35,48,33,52,3,11.877952056477344
35,48,34,55,3,13.871775858059035
35,48,34,54,3,9.543540743786588
35,48,35,51,3,10.224637807275741
35,48,30,58,5,24.393687240332582
35,48,39,52,4,20.18961116322152
35,48,83,33,23,146.4006841143118
35,48,82,38,17,122.48585425762516
35,48,81,34,18,115.23951095082613
35,48,84,43,13,87.40651127856381
35,48,82,34,19,128.18569117532527
35,48,84,39,18,116.91939246112196
35,48,82,34,16,101.93029191907657
35,48,79,32,17,114.94367591217937
35,48,81,34,16,97.85624705326579
35,48,82,43,14,99.89032538118144
35,48,81,43,22,148.72814380189286
35,48,82,39,30,185.99100538707714
35,48,80,33,18,112.35183639713301
35,48,83,79,29,209.86381490609278
35,48,91,79,23,166.54851504262072
35,48,87,68,20,130.52648278557996
35,48,89,79,22,146.49653220781715
35,48,88,65,20,129.63467753611332
35,48,90,73,18,113.57380293200406
35,48,90,77,19,129.64053202861265
35,48,88,79,20,134.93648399421355
35,48,86,76,25,170.57262766184368
35,48,90,76,19,129.7945361389556
35,48,88,73,18,120.37133128390086
35,48,91,66,16,105.0305372520216
35,48,91,75,17,114.42412374442439
35,48,87,73,18,126.5511907860822
35,48,88,77,21,143.0636359953958
35,48,91,81,27,175.93541835010922
35,48,88,67,16,106.81567646840438
35,48,86,75,19,131.46202078977072
35,48,90,71,19,129.39322152605254
35,48,89,70,21,141.80884525080222
35,48,89,70,29,187.7061463805506
35,48,91,77,20,135.16367274966345
35,48,89,80,29,193.51133325133782
35,48,91,73,18,120.12829939463158
35,48,87,80,22,146.31590927660673
35,48,63,39,11,70.36047543581608
35,48,61,36,15,97.79306334560033
35,48,63,37,19,128.64467948654772
35,48,63,38,15,100.3223099049532
35,48,63,34,10,61.29295402564222
35,48,62,36,17,113.54302178641127
35,48,62,35,16,100.372909499428
35,48,63,35,17,118.32666766544367
35,48,62,38,19,129.40626245103473
35,48,63,34,17,112.32527558762814
35,48,64,35,15,100.12743250049141
35,48,63,34,15,102.75107287629191
35,48,66,35,22,145.8088358558442
35,48,66,38,10,64.42606032317372
35,48,64,34,21,142.78504001669003
35,48,67,38,16,105.95389688104532
35,48,63,35,17,97.59930646542136
35,48,88,97,22,144.34662043613645
35,48,83,97,32,182.72176848289914
35,48,88,94,25,171.77409816047742
35,48,85,95,26,168.08643563520963
35,48,86,94,22,134.2666002394893
35,48,80,95,22,143.51948785584668
35,48,88,98,20,135.13510001199455
35,48,83,96,34,213.42754537254228
35,48,81,93,24,141.81640694179742
35,48,86,96,28,176.1790407577726
35,48,87,98,24,146.53556953923592
35,48,82,98,31,189.42290816348827
35,48,80,95,21,128.10947397885553
45,48,41,80,15,93.44179426145273
45,48,35,77,11,70.58457764784268
45,48,37,75,14,93.05927475204713
45,48,37,77,22,158.36251241336464
45,48,39,80,12,82.85775964852299
45,48,38,78,19,128.2830379100372
45,48,36,77,12,76.30114431326801
45,48,34,76,17,100.68538886420195
45,48,38,73,22,146.71601286378436
45,48,36,72,17,142.00540021431354
45,48,37,70,16,112.68218719724257
45,48,38,79,19,129.51296751799558
45,48,33,69,10,66.83097430989764
45,48,36,71,9,57.519476099333446
45,48,36,75,12,73.44154739787594
45,48,34,76,13,84.89947965555181
45,48,39,80,14,89.48854630329284
45,48,34,77,19,130.2119752581567
45,48,35,80,15,90.55557956013176
45,48,35,73,14,83.89389946594913
45,48,37,70,12,78.07874939180306
45,48,38,53,4,19.494107490093317
45,48,30,55,5,28.327873555754827
45,48,36,52,4,14.738299376891986
45,48,37,54,4,16.80684456461391
45,48,37,54,5,28.81892474136938
45,48,30,58,10,64.49339533869481
45,48,34,52,4,21.299905908419348
45,48,33,53,4,21.164614334700005
45,48,34,54,4,20.552390840625034
45,48,31,56,5,25.958787775322044
45,48,39,52,5,24.891729277800067
45,48,33,52,4,19.45281500148845
45,48,34,55,5,24.2298906379089
45,48,34,54,5,24.997018610624963
45,48,35,51,4,21.9805817501975
45,48,30,58,6,35.43360509854369
45,48,39,52,3,10.403032235153693
45,48,83,33,18,118.55744869705366
45,48,82,38,22,147.3244660750616
45,48,81,34,17,125.30079169487202
45,48,84,43,14,90.19342170766852
45,48,82,34,14,94.54952175432395
45,48,84,39,14,93.87780727911068
45,48,82,34,20,127.45262184497763
45,48,79,32,15,103.94222743780819
45,48,81,34,16,108.88683749002477
45,48,82,43,12,74.42608217825575
45,48,81,43,13,82.23437339152991
45,48,82,39,12,78.00879763121516
45,48,80,33,15,101.06745241591267
45,48,83,79,34,198.60850329418173
45,48,91,79,25,169.55064636945917
45,48,87,68,19,120.84974429818115
45,48,89,79,21,130.09781053211628
45,48,88,65,16,106.13544038957359
45,48,90,73,17,112.57461888067637
45,48,90,77,16,106.14367290530545
45,48,88,79,19,135.89092057695728
45,48,86,76,30,180.37541663807286
45,48,90,76,16,108.57681641513909
45,48,88,73,18,116.95172655890876
45,48,91,66,16,100.26597397762339
45,48,91,75,18,119.47397895857523
45,48,87,73,17,114.47661018557635
45,48,88,77,20,118.9722560624112
45,48,91,81,19,129.15005103389282
45,48,88,67,16,104.89680981428698
45,48,86,75,17,111.01263125005975
45,48,90,71,16,107.16916587449133
45,48,89,70,16,108.19405457302177
45,48,89,70,14,94.68499408196493
45,48,91,77,18,120.7571700088232
45,48,89,80,18,119.27005778505087
45,48,91,73,17,108.26121900841491
45,48,87,80,19,125.19282355049356
45,48,63,39,9,57.46008140800047
45,48,61,36,20,132.73775701742113
45,48,63,37,11,59.152762860552045
45,48,63,38,15,98.42003435076202
45,48,63,34,14,88.26242068212022
45,48,62,36,10,64.22476774280481
45,48,62,35,8,50.38402585521522
45,48,63,35,11,70.36131369800842
45,48,62,38,15,99.80841308147447
45,48,63,34,10,61.85662868949785
45,48,64,35,11,70.26545115210158
45,48,63,34,9,50.80537331502189
45,48,66,35,10,61.32064300786525
45,48,66,38,18,126.55303772992076
45,48,64,34,21,143.97142384119152
45,48,67,38,20,134.1252095227446
45,48,63,35,9,55.86743947010938
45,48,88,97,19,117.8818048351606
45,48,83,97,18,106.93457202425041
45,48,88,94,26,153.65026029888728
45,48,85,95,19,116.69995545089638
45,48,86,94,27,178.72693274113863
45,48,80,95,22,131.4366504317312
45,48,88,98,20,121.45859773887618
45,48,83,96,26,164.25178558602158
45,48,81,93,18,122.02378503733881
45,48,86,96,22,123.30752075865801
45,48,87,98,21,134.7612793169778
45,48,82,98,18,112.57900401661527
45,48,80,95,18,116.58096755464015
85,48,41,80,23,156.49711665846928
85,48,35,77,24,155.79863830762255
85,48,37,75,28,194.7976894749501
85,48,37,77,24,166.7563734720508
85,48,39,80,27,187.64556898122302
85,48,38,78,24,160.74204748535732
85,48,36,77,36,259.8851888295542
85,48,34,76,29,210.22354483667345
85,48,38,73,24,159.76164494029908
85,48,36,72,20,136.15899046743434
85,48,37,70,34,234.11719258222882
85,48,38,79,29,202.75531514652994
85,48,33,69,28,193.68955381161007
85,48,36,71,22,153.27199527446973
85,48,36,75,25,169.7117951033606
85,48,34,76,19,131.59203523740914
85,48,39,80,33,224.41334850167163
85,48,34,77,30,206.6942882711754
85,48,35,80,26,181.65715173785125
85,48,35,73,27,210.05486777434172
85,48,37,70,28,194.4843017400704
85,48,38,53,14,93.9754218150415
85,48,30,55,16,103.85051148460587
85,48,36,52,15,97.69326437250668
85,48,37,54,17,109.70801056981854
85,48,37,54,17,115.92906599082204
85,48,30,58,19,128.24730930976003
85,48,34,52,20,131.92560741977724
85,48,33,53,14,90.07807124348673
85,48,34,54,14,91.62208138343405
85,48,31,56,19,130.8429050553524
85,48,39,52,13,84.04693923829574
85,48,33,52,16,106.40479108021
85,48,34,55,15,97.24684333889675
85,48,34,54,15,99.11649758227796
85,48,35,51,19,129.44947917921465
85,48,30,58,15,103.66025119210151
85,48,39,52,12,79.81641983959332
85,48,83,33,5,25.890051658236725
85,48,82,38,4,17.88877668662244
85,48,81,34,6,34.15674744315778
85,48,84,43,3,10.543200631587949
85,48,82,34,5,25.75201485202366
85,48,84,39,4,20.625560423040017
85,48,82,34,5,25.197282011401324
85,48,79,32,5,29.057317957991188
85,48,81,34,6,29.886460248926255
85,48,82,43,5,28.70654190589385
85,48,81,43,3,11.224113931978337
85,48,82,39,4,16.190903257152367
85,48,80,33,5,28.297758795269548
85,48,83,79,11,70.59644685956353
85,48,91,79,9,57.91735428339383
85,48,87,68,7,44.27813899239044
85,48,89,79,10,58.37476880543407
85,48,88,65,6,29.99302649604863
85,48,90,73,8,41.129610964858564
85,48,90,77,11,62.33185789971785
85,48,88,79,9,53.15625946609209
85,48,86,76,9,54.75401952620042
85,48,90,76,10,63.89826400112217
85,48,88,73,12,63.40797480451567
85,48,91,66,6,35.4236476993498
85,48,91,75,9,61.640694150859424
85,48,87,73,8,47.51035438322844
85,48,88,77,8,48.500808844823126
85,48,91,81,10,61.17227500495572
85,48,88,67,9,54.035781096073464
85,48,86,75,8,47.202524092740276
85,48,90,71,7,41.79007010861264
85,48,89,70,8,49.82105862881815
85,48,89,70,9,54.83812486380592
85,48,91,77,8,48.16857419200954
85,48,89,80,9,57.293007122136125
85,48,91,73,7,39.994152046182556
85,48,87,80,9,56.32785857869632
85,48,63,39,21,125.21555478975824
85,48,61,36,15,83.06606500306216
85,48,63,37,10,64.4989357044957
85,48,63,38,17,105.38926583032321
85,48,63,34,10,63.819215638822094
85,48,62,36,11,64.43604617053029
85,48,62,35,17,114.98579786698696
85,48,63,35,12,79.23347048959533
85,48,62,38,12,73.35977904021756
85,48,63,34,9,57.02668008816571
85,48,64,35,10,63.67887757527102
85,48,63,34,13,76.98908977453844
85,48,66,35,15,83.81318132643784
85,48,66,38,13,70.73590837801562
85,48,64,34,23,147.39208560005522
85,48,67,38,13,72.20237118687449
85,48,63,35,10,66.18710641923167
85,48,88,97,15,84.66671832500883
85,48,83,97,19,126.24699836142037
85,48,88,94,14,87.02398049127245
85,48,85,95,20,125.00628824712173
85,48,86,94,18,120.36010082079501
85,48,80,95,20,130.67854029405748
85,48,88,98,15,89.28658221159009
85,48,83,96,15,91.68441343239623
85,48,81,93,18,122.21664878657894
85,48,86,96,22,127.96039708338812
85,48,87,98,14,98.85969682568626
85,48,82,98,21,128.7981638389091
85,48,80,95,19,125.66636577293445
95,48,41,80,29,202.17915696858626
95,48,35,77,26,172.21670679055964
95,48,37,75,34,220.39448259079174
95,48,37,77,32,204.17029399120557
95,48,39,80,29,183.55829388969082
95,48,38,78,32,209.93236035008434
95,48,36,77,23,159.61952317934072
95,48,34,76,30,210.12852533670795
95,48,38,73,27,194.19308483699385
95,48,36,72,22,150.4290296538704
95,48,37,70,37,218.86284448805947
95,48,38,79,26,180.1796876801855
95,48,33,69,30,214.44327977175857
95,48,36,71,30,201.87096664929575
95,48,36,75,27,187.01181990517415
95,48,34,76,39,258.1273170529304
95,48,39,80,35,252.99707750046267
95,48,34,77,29,202.40958370659254
95,48,35,80,30,205.35058545006623
95,48,35,73,26,179.33461335631958
95,48,37,70,25,164.50784391991832
95,48,38,53,19,131.22090028263125
95,48,30,55,18,119.61218878743976
95,48,36,52,16,103.85745231900644
95,48,37,54,19,132.65266623988816
95,48,37,54,17,110.75379824182616
95,48,30,58,17,112.8918449378755
95,48,34,52,25,166.41166167448955
95,48,33,53,16,109.63708929897167
95,48,34,54,15,99.13694708760436
95,48,31,56,22,145.56729038036164
95,48,39,52,15,99.92873953133312
95,48,33,52,16,105.62905229382345
95,48,34,55,17,115.7809066461731
95,48,34,54,17,115.381218919586
95,48,35,51,16,105.6587462221025
95,48,30,58,21,144.58589915529217
95,48,39,52,17,112.96441109003128
95,48,83,33,8,46.78691175107498
95,48,82,38,7,38.60851564067115
95,48,81,34,7,38.04715594873672
95,48,84,43,6,33.960155654951684
95,48,82,34,7,38.19133114614588
95,48,84,39,4,20.527681858705872
95,48,82,34,6,35.75803843238448
95,48,79,32,8,45.62559678438668
95,48,81,34,6,32.39353348717213
95,48,82,43,5,20.626709692412305
95,48,81,43,5,24.679651415858512
95,48,82,39,7,41.10812506482344
95,48,80,33,6,35.60704191816836
95,48,83,79,11,68.93814749341136
95,48,91,79,9,54.674053487490845
95,48,87,68,7,40.197885659119265
95,48,89,79,10,62.22062747962301
95,48,88,65,6,33.32769280186012
95,48,90,73,9,51.09570467236124
95,48,90,77,9,52.403080764922265
95,48,88,79,10,63.93140187949739
95,48,86,76,8,47.53428785596935
95,48,90,76,8,46.483816778117315
95,48,88,73,8,47.5174677733268
95,48,91,66,7,42.30464694815891
95,48,91,75,10,62.47992166806953
95,48,87,73,7,43.08738908999325
95,48,88,77,8,48.32822589025844
95,48,91,81,10,65.24672942634362
95,48,88,67,9,57.63349937882174
95,48,86,75,9,53.80766470425905
95,48,90,71,9,55.31979996293993
95,48,89,70,9,55.8740913172137
95,48,89,70,7,42.59897163423624
95,48,91,77,8,40.487428236300815
95,48,89,80,9,55.609119514229015
95,48,91,73,7,39.80401748190184
95,48,87,80,8,50.593547392691434
95,48,63,39,14,81.65786310740323
95,48,61,36,19,116.52943006053586
95,48,63,37,24,156.2087467754622
95,48,63,38,13,82.4331127354312
95,48,63,34,12,79.09264241625246
95,48,62,36,23,155.63516460487236
95,48,62,35,12,77.14558374184958
95,48,63,35,30,193.31528181712466
95,48,62,38,17,98.838233379307
95,48,63,34,19,119.48129539578824
95,48,64,35,23,150.1800733377077
95,48,63,34,18,114.61630693315757
95,48,66,35,17,113.2168834167542
95,48,66,38,10,66.29384525016874
95,48,64,34,20,130.87808288889045
95,48,67,38,29,194.1341823352805
95,48,63,35,23,155.01490804489734
95,48,88,97,15,95.1244780641008
95,48,83,97,20,133.1891089667943
95,48,88,94,14,96.78861652575418
95,48,85,95,13,79.01666390269015
95,48,86,94,14,95.26924123077238
95,48,80,95,17,119.18320966569469
95,48,88,98,24,147.60200801646508
95,48,83,96,14,87.62173471942991
95,48,81,93,21,143.54055704322684
95,48,86,96,14,87.84383546910051
95,48,87,98,15,92.08079978653998
95,48,82,98,17,107.88073123572589
95,48,80,95,24,130.7291325269256
25,60,41,80,11,72.75153308451614
25,60,35,77,6,34.586432725821055
25,60,37,75,6,33.96873253636367
25,60,37,77,10,63.537931214432575
25,60,39,80,11,70.88723675715414
25,60,38,78,8,43.03881928764046
25,60,36,77,7,38.00727916002799
25,60,34,76,9,55.580183593348025
25,60,38,73,8,47.028517031879375
25,60,36,72,7,46.12904598925323
25,60,37,70,10,53.64813296317418
25,60,38,79,7,42.10618850382276
25,60,33,69,4,22.272632400388765
25,60,36,71,5,27.179563201907435
25,60,36,75,6,36.12385445544686
25,60,34,76,6,32.73909715983895
25,60,39,80,11,72.30122942684442
25,60,34,77,6,35.710615985634206
25,60,35,80,7,42.114584765489454
25,60,35,73,5,28.294133506672818
25,60,37,70,6,33.314433496763684
25,60,38,53,5,28.55424093443049
25,60,30,55,3,12.24028913537547
25,60,36,52,4,20.962026813445302
25,60,37,54,4,21.024271190858954
25,60,37,54,10,69.28812114781368
25,60,30,58,3,14.452729920648292
25,60,34,52,10,58.553109191545765
25,60,33,53,4,15.550034724123211
25,60,34,54,4,16.218121590435917
25,60,31,56,3,10.900311004259395
25,60,39,52,6,30.18754121746298
25,60,33,52,5,27.271577882715835
25,60,34,55,5,23.98276953333497
25,60,34,54,5,26.31426803278312
25,60,35,51,5,24.803066046935896
25,60,30,58,3,8.541133593895177
25,60,39,52,6,34.13727730974763
25,60,83,33,19,126.1604198416844
25,60,82,38,22,148.98485297019164
25,60,81,34,22,152.10890985105698
25,60,84,43,21,138.41933471934067
25,60,82,34,22,149.07293175997518
25,60,84,39,20,122.68424669295604
25,60,82,34,25,156.38381670220633
25,60,79,32,26,181.78507436764966
25,60,81,34,21,145.1295581522583
25,60,82,43,21,138.4445309970638
25,60,81,43,23,160.59229252256455
25,60,82,39,27,171.57475031994232
25,60,80,33,22,150.92440378742594
25,60,83,79,32,214.7846229711619
25,60,91,79,28,173.70421078077194
25,60,87,68,21,142.44812562598864
25,60,89,79,28,195.9214171202413
25,60,88,65,31,210.60078723724243
25,60,90,73,30,205.9738523300744
25,60,90,77,34,221.9292724502308
25,60,88,79,22,151.52227991703919
25,60,86,76,30,199.3403642703317
25,60,90,76,23,152.0878972550777
25,60,88,73,28,187.9530610654109
25,60,91,66,21,142.68024826671268
25,60,91,75,23,148.25605501156465
25,60,87,73,33,230.20761774440138
25,60,88,77,23,163.90041921968276
25,60,91,81,23,157.8630413587168
25,60,88,67,21,132.10975641124142
25,60,86,75,25,173.21747024293992
25,60,90,71,20,131.59649802510953
25,60,89,70,21,143.41346831986974
25,60,89,70,20,134.35106578215922
25,60,91,77,24,160.94621671161784
25,60,89,80,27,172.31327577136238
25,60,91,73,23,146.15583690543482
25,60,87,80,34,230.0776498551647
25,60,63,39,16,101.29507216968148
25,60,61,36,16,93.07508609758452
25,60,63,37,18,116.88454273131433
25,60,63,38,18,117.87786099173792
25,60,63,34,15,100.55375940870606
25,60,62,36,13,85.81414062795113
25,60,62,35,15,97.55891198435262
25,60,63,35,26,167.5517871031054
25,60,62,38,16,92.50166349174422
25,60,63,34,13,84.55791724241945
25,60,64,35,18,105.75487846723682
25,60,63,34,17,111.07951686139305
25,60,66,35,32,209.75010111810445
25,60,66,38,32,227.45793769641773
25,60,64,34,25,158.17902295286115
25,60,67,38,27,166.0438818337133
25,60,63,35,18,121.28226366258241
25,60,88,97,28,173.60586285465638
25,60,83,97,20,128.12923048863357
25,60,88,94,28,182.82153186547058
25,60,85,95,28,180.06009858616088
25,60,86,94,28,192.32918736242567
25,60,80,95,23,149.57950779233764
25,60,88,98,28,199.4092544185517
25,60,83,96,32,208.90948433914676
25,60,81,93,19,124.83993913296868
25,60,86,96,22,151.86470651488457
25,60,87,98,31,212.1269998747127
25,60,82,98,43,269.6208157719382
25,60,80,95,33,208.95347547736793
65,60,41,80,29,219.92187139981607
65,60,35,77,17,116.64410121126508
65,60,37,75,20,137.43082529965483
65,60,37,77,22,138.88180953060223
65,60,39,80,25,177.84871474391952
65,60,38,78,29,192.22688662318595
65,60,36,77,19,128.27851327589715
65,60,34,76,22,147.42022995141002
65,60,38,73,22,136.80348517135624
65,60,36,72,23,157.83690994914778
65,60,37,70,16,106.6221665436482
65,60,38,79,24,162.1789013338338
65,60,33,69,19,129.9380816611532
65,60,36,71,20,136.86442203479174
65,60,36,75,22,143.11783621796457
65,60,34,76,19,120.79377278749911
65,60,39,80,33,201.95586909761897
65,60,34,77,20,142.89745468923547
65,60,35,80,17,113.35382613994402
65,60,35,73,15,97.31392377656255
65,60,37,70,23,141.05036276804952
65,60,38,53,8,49.1113441055891
65,60,30,55,10,63.74527611925447
65,60,36,52,12,67.61317466583321
65,60,37,54,9,52.62122303185331
65,60,37,54,9,55.31290523876999
65,60,30,58,10,65.26409271657855
65,60,34,52,10,61.42056487599404
65,60,33,53,14,87.62334506735532
65,60,34,54,9,58.34400863350561
65,60,31,56,12,77.60392876885511
65,60,39,52,8,48.229417280960604
65,60,33,52,11,65.58135804514818
65,60,34,55,18,114.92166831169357
65,60,34,54,9,52.85737270572037
65,60,35,51,10,61.1078730014625
65,60,30,58,14,88.88961965032625
65,60,39,52,8,47.10540772991527
65,60,83,33,13,81.5347145299988
65,60,82,38,26,174.89302292955645
65,60,81,34,11,68.02188294789565
65,60,84,43,7,42.881191403952336
65,60,82,34,10,63.74592829657275
65,60,84,39,11,64.77070466284071
65,60,82,34,21,131.9474509287283
65,60,79,32,19,128.1142268880311
65,60,81,34,11,68.68170878812514
65,60,82,43,7,38.12039040799154
65,60,81,43,7,43.954893256269415
65,60,82,39,10,64.65542041491607
65,60,80,33,31,221.39423055920207
65,60,83,79,13,100.33303923136158
65,60,91,79,36,225.29450872232078
65,60,87,68,11,68.95718375039897
65,60,89,79,17,107.34897421038946
65,60,88,65,8,50.19614757345979
65,60,90,73,12,74.49339159623396
65,60,90,77,13,83.3622591573749
65,60,88,79,13,86.42929658585838
65,60,86,76,13,84.00427014993919
65,60,90,76,11,72.06297239198415
65,60,88,73,14,90.72302477723201
65,60,91,66,10,60.406183861646184
65,60,91,75,11,66.34765742528145
65,60,87,73,14,88.6004769109887
65,60,88,77,11,70.76859319506244
65,60,91,81,14,91.8065990567142
65,60,88,67,10,61.58702331235861
65,60,86,75,14,88.38459892566365
65,60,90,71,10,63.21142453726936
65,60,89,70,10,61.575490882426685
65,60,89,70,11,74.18163603997122
65,60,91,77,16,107.73956489794867
65,60,89,80,14,93.81766768918875
65,60,91,73,10,64.78052945000432
65,60,87,80,14,94.44579706708298
65,60,63,39,15,99.23751968944461
65,60,61,36,25,168.1601099956428
65,60,63,37,25,152.2668704204667
65,60,63,38,17,106.926924582656
65,60,63,34,14,92.2542262252333
65,60,62,36,19,109.64216019444932
65,60,62,35,18,103.2513394402289
65,60,63,35,14,92.67862152588542
65,60,62,38,17,105.66660986604899
65,60,63,34,27,170.51753446519962
65,60,64,35,24,154.07798063843254
65,60,63,34,18,119.02273502377824
65,60,66,35,18,113.0553172779243
65,60,66,38,18,113.96063102174946
65,60,64,34,22,143.96808643609612
65,60,67,38,15,99.71511443224065
65,60,63,35,21,144.70896248915497
65,60,88,97,20,142.1708035785502
65,60,83,97,16,101.52802342334215
65,60,88,94,16,95.86692144492866
65,60,85,95,16,93.50961667328664
65,60,86,94,18,109.27098930133866
65,60,80,95,13,82.61374490981123
65,60,88,98,19,125.13557373582366
65,60,83,96,22,133.9175463407764
65,60,81,93,12,76.02381564724033
65,60,86,96,13,85.09249127141145
65,60,87,98,16,95.86274326277152
65,60,82,98,15,81.90578965535167
65,60,80,95,14,95.05320728582787
95,60,41,80,26,178.97889412251675
95,60,35,77,30,209.48806381763472
95,60,37,75,27,202.5170769079888
95,60,37,77,24,164.37241213825334
95,60,39,80,38,268.1663103315162
95,60,38,78,37,254.18625964402895
95,60,36,77,30,209.85064386366355
95,60,34,76,26,177.68851892987504
95,60,38,73,26,168.84905797167403
95,60,36,72,31,216.02923567366207
95,60,37,70,27,186.35536804969257
95,60,38,79,40,266.908435007657
95,60,33,69,33,226.01025661626022
95,60,36,71,37,246.19870772975494
95,60,36,75,24,162.90253158969486
95,60,34,76,31,211.60871802641628
95,60,39,80,26,187.2973598355754
95,60,34,77,29,202.6211064901417
95,60,35,80,24,166.61373718672039
95,60,35,73,34,213.04672658378811
95,60,37,70,24,166.48745868888216
95,60,38,53,18,109.42753209849128
95,60,30,55,17,111.7846059610933
95,60,36,52,17,116.13201898499302
95,60,37,54,27,183.0795867498319
95,60,37,54,18,120.94537641710576
95,60,30,58,28,192.32449018145184
95,60,34,52,19,125.89754065310375
95,60,33,53,19,129.5019295425226
95,60,34,54,17,115.24214364214149
95,60,31,56,18,114.47413123424242
95,60,39,52,21,144.56806097266337
95,60,33,52,18,113.41198751051058
95,60,34,55,18,121.27555434777796
95,60,34,54,17,113.25333371124813
95,60,35,51,16,102.81515209581084
95,60,30,58,19,128.40213347838116
95,60,39,52,15,96.93125893598658
95,60,83,33,8,47.04952821102782
95,60,82,38,8,46.93818912718536
95,60,81,34,9,54.31615565172819
95,60,84,43,7,41.557504303157785
95,60,82,34,11,66.66485423180167
95,60,84,39,8,46.43213467801131
95,60,82,34,10,64.30923810782299
95,60,79,32,9,54.296198459275274
95,60,81,34,10,63.19635452157908
95,60,82,43,8,47.05980724735716
95,60,81,43,7,38.12498554250967
95,60,82,39,8,49.63137473303335
95,60,80,33,25,170.09734791580067
95,60,83,79,7,43.34202986285738
95,60,91,79,6,30.547380788171832
95,60,87,68,6,35.99984932471486
95,60,89,79,6,34.82624915275663
95,60,88,65,4,19.53726810270726
95,60,90,73,5,26.87734046951527
95,60,90,77,6,31.37657679485582
95,60,88,79,6,34.760166898282684
95,60,86,76,5,27.5756783953819
95,60,90,76,6,33.61167769709595
95,60,88,73,5,25.66812611089008
95,60,91,66,3,12.938457381349565
95,60,91,75,5,28.123727022671872
95,60,87,73,5,25.939521584410848
95,60,88,77,5,27.899994147800058
95,60,91,81,6,35.09754040700876
95,60,88,67,4,20.936963461009704
95,60,86,75,5,27.766692210640088
95,60,90,71,4,17.814039297461377
95,60,89,70,4,21.391528219826718
95,60,89,70,5,28.38948536365291
95,60,91,77,8,47.70014495207587
95,60,89,80,7,45.36188345278106
95,60,91,73,5,27.66667407833728
95,60,87,80,7,40.18739374906028
95,60,63,39,21,145.38682286660315
95,60,61,36,18,119.06687418593461
95,60,63,37,17,112.42407652885194
95,60,63,38,25,172.81617829586412
95,60,63,34,16,115.24389448751414
95,60,62,36,14,93.78963252902251
95,60,62,35,17,115.35433363415969
95,60,63,35,20,121.82089129704903
95,60,62,38,16,101.92990990321958
95,60,63,34,16,107.44664679907382
95,60,64,35,25,172.76834049489293
95,60,63,34,15,103.15145256859057
95,60,66,35,13,86.42881205031243
95,60,66,38,30,197.28005421988982
95,60,64,34,14,92.9285824117298
95,60,67,38,18,104.85919596239569
95,60,63,35,21,133.17230949663545
95,60,88,97,11,75.06298857621346
95,60,83,97,13,81.34790495088257
95,60,88,94,12,74.00681127549998
95,60,85,95,14,77.39534826824169
95,60,86,94,13,79.90088934854595
95,60,80,95,20,126.24036997609937
95,60,88,98,13,74.6962062581866
95,60,83,96,13,78.184579045582
95,60,81,93,16,77.8599780878496
95,60,86,96,14,76.188393353122
95,60,87,98,23,132.25340658750216
95,60,82,98,22,135.46768970383675
95,60,80,95,15,94.84681585215803
25,71,41,80,9,42.801973676738136
25,71,35,77,4,20.361066543407293
25,71,37,75,4,21.59341682267887
25,71,37,77,4,20.053400593083374
25,71,39,80,15,88.77909517159591
25,71,38,78,5,27.804722208741584
25,71,36,77,4,20.814011448047093
25,71,34,76,4,19.629017686040427
25,71,38,73,4,21.36741609105985
25,71,36,72,5,24.731664260134544
25,71,37,70,4,20.641775802268896
25,71,38,79,6,31.848111662671812
25,71,33,69,3,15.32444210107382
25,71,36,71,4,17.326022810651985
25,71,36,75,4,17.377835307876907
25,71,34,76,4,17.246683628927165
25,71,39,80,6,30.910643913757827
25,71,34,77,4,20.008380851795764
25,71,35,80,4,21.00751287630709
25,71,35,73,4,20.662625368840015
25,71,37,70,4,20.676190953131083
25,71,38,53,13,84.91457620994623
25,71,30,55,6,32.96170947868395
25,71,36,52,6,36.89108710766761
25,71,37,54,8,46.34447884087188
25,71,37,54,8,52.8100760356954
25,71,30,58,4,22.775591561512968
25,71,34,52,6,37.05054406685671
25,71,33,53,7,43.24021307540698
25,71,34,54,6,33.65454629446132
25,71,31,56,5,29.998000919362475
25,71,39,52,9,54.704378170392275
25,71,33,52,7,42.73502799036896
25,71,34,55,6,32.17215622108631
25,71,34,54,6,34.366861890311185
25,71,35,51,9,52.685507759740446
25,71,30,58,5,26.58387317857144
25,71,39,52,11,72.91227012761362
25,71,83,33,21,144.70225000212542
25,71,82,38,19,132.57430112164482
25,71,81,34,25,174.14280305186372
25,71,84,43,24,165.57718857886027
25,71,82,34,22,151.83285095486988
25,71,84,39,24,160.64917521779293
25,71,82,34,23,153.42370981185536
25,71,79,32,20,138.1529751644904
25,71,81,34,24,179.77322983803526
25,71,82,43,25,157.63537530301264
25,71,81,43,20,129.79442479847305
25,71,82,39,27,178.59959567726534
25,71,80,33,30,199.65664886146627
25,71,83,79,31,191.5432040815963
25,71,91,79,27,186.44429813239637
25,71,87,68,22,152.43147180093084
25,71,89,79,24,163.27892320796582
25,71,88,65,24,153.35804415370117
25,71,90,73,31,190.37216940440845
25,71,90,77,36,252.11491452047548
25,71,88,79,30,187.99238070595686
25,71,86,76,33,233.92981624238456
25,71,90,76,38,265.29996797600427
25,71,88,73,27,172.28182951832147
25,71,91,66,27,186.32854267495043
25,71,91,75,24,156.4229912998657
25,71,87,73,36,241.6879135565189
25,71,88,77,27,190.93184850037252
25,71,91,81,28,192.2276008845669
25,71,88,67,21,152.66697322712832
25,71,86,75,24,164.02979239295374
25,71,90,71,22,151.57638701629295
25,71,89,70,36,245.448583555119
25,71,89,70,29,202.76203196170462
25,71,91,77,28,195.41259820864846
25,71,89,80,31,257.78808404981464
25,71,91,73,25,158.10938083392173
25,71,87,80,28,185.95095824167421
25,71,63,39,24,157.3420955810112
25,71,61,36,21,134.4471505371561
25,71,63,37,23,139.46065029529214
25,71,63,38,20,133.24360506009975
25,71,63,34,21,143.09084778306087
25,71,62,36,19,121.38305193962682
25,71,62,35,19,128.4086272468154
25,71,63,35,16,103.91712225519335
25,71,62,38,21,130.28663639823708
25,71,63,34,16,107.78309667674951
25,71,64,35,20,128.1951750060587
25,71,63,34,19,129.37798494733448
25,71,66,35,25,155.5998106361996
25,71,66,38,17,111.73104176976176
25,71,64,34,18,120.582321430376
25,71,67,38,24,155.26663093131035
25,71,63,35,18,120.66219357986924
25,71,88,97,30,185.49357903304016
25,71,83,97,30,186.293499627943
25,71,88,94,44,286.09803947349553
25,71,85,95,32,229.84313671342343
25,71,86,94,30,171.98127748268848
25,71,80,95,18,112.39787489591498
25,71,88,98,36,208.50290583076006
25,71,83,96,25,156.3005874032809
25,71,81,93,19,121.49857888269561
25,71,86,96,22,125.05611116888082
25,71,87,98,27,166.8324011773876
25,71,82,98,26,177.01840709471304
25,71,80,95,20,115.19841045426432
35,71,41,80,5,24.453248263069778
35,71,35,77,4,22.3517070209307
35,71,37,75,3,13.426035845114193
35,71,37,77,4,21.071747128036666
35,71,39,80,3,14.293300038879067
35,71,38,78,3,12.759603873771168
35,71,36,77,3,14.869326233622694
35,71,34,76,3,11.797324455299606
35,71,38,73,4,18.15261456019423
35,71,36,72,3,12.514588249252855
35,71,37,70,3,6.798585670520383
35,71,38,79,3,14.310635526987543
35,71,33,69,3,9.429557757629365
35,71,36,71,3,13.827404546602375
35,71,36,75,4,21.052174760916742
35,71,34,76,3,13.022527093679017
35,71,39,80,3,14.378786528725804
35,71,34,77,3,13.177175066528697
35,71,35,80,4,17.989904259823142
35,71,35,73,3,12.715049719805595
35,71,37,70,4,18.198202848976294
35,71,38,53,20,128.19869206705908
35,71,30,55,6,32.90732233640223
35,71,36,52,9,58.72973829438922
35,71,37,54,9,55.52929588026545
35,71,37,54,11,66.23506680233406
35,71,30,58,6,36.307779181119564
35,71,34,52,8,49.863826800416454
35,71,33,53,8,51.46964829413442
35,71,34,54,7,39.61788643364168
35,71,31,56,11,72.28421208960842
35,71,39,52,10,63.23945120095127
35,71,33,52,16,101.13053606751251
35,71,34,55,10,60.24922311847403
35,71,34,54,13,107.84839563389224
35,71,35,51,7,44.09353545832373
35,71,30,58,5,29.240246527447
35,71,39,52,10,61.18394014354273
35,71,83,33,23,160.09062630664593
35,71,82,38,26,180.8409427808897
35,71,81,34,35,232.18022305255795
35,71,84,43,29,199.45193742041036
35,71,82,34,29,201.72877785818764
35,71,84,39,30,216.47721024433625
35,71,82,34,22,153.82996998058854
35,71,79,32,24,160.85925598452414
35,71,81,34,25,168.09297135735426
35,71,82,43,27,180.36870436053601
35,71,81,43,28,193.73700398957942
35,71,82,39,30,200.74889025038829
35,71,80,33,22,157.78269007965363
35,71,83,79,27,193.22018358451248
35,71,91,79,25,172.9775667527052
35,71,87,68,34,226.9498948137709
35,71,89,79,30,227.4608619662496
35,71,88,65,25,167.71555080596403
35,71,90,73,27,163.70916471802235
35,71,90,77,25,177.89639881716954
35,71,88,79,35,235.8837211529172
35,71,86,76,43,267.1310228840169
35,71,90,76,25,170.72888191750036
35,71,88,73,33,226.42697599161048
35,71,91,66,36,239.5699712373384
35,71,91,75,38,239.74347602372433
35,71,87,73,22,146.786465601546
35,71,88,77,37,245.48963494957533
35,71,91,81,24,230.77853950732708
35,71,88,67,36,249.48629460112113
35,71,86,75,38,271.6222846073303
35,71,90,71,32,222.9607852116338
35,71,89,70,23,159.60785646067714
35,71,89,70,31,217.8527948259861
35,71,91,77,30,211.28959670549128
35,71,89,80,43,274.2429872718743
35,71,91,73,25,173.4296188140573
35,71,87,80,38,259.75742021153087
35,71,63,39,31,215.69295544603182
35,71,61,36,21,145.96783582422688
35,71,63,37,22,151.83177204918243
35,71,63,38,22,151.83128773902226
35,71,63,34,33,230.53362199194297
35,71,62,36,24,164.28193046001576
35,71,62,35,23,154.41637117448266
35,71,63,35,17,114.92694572136116
35,71,62,38,21,136.11270334005337
35,71,63,34,21,145.1600315044165
35,71,64,35,18,122.46300588817735
35,71,63,34,18,121.65248247774309
35,71,66,35,32,198.97554247063664
35,71,66,38,28,199.2520037345306
35,71,64,34,18,123.49604896435122
35,71,67,38,24,164.5599562657705
35,71,63,35,18,117.10042329531596
35,71,88,97,48,307.3650602310864
35,71,83,97,30,207.0082088604078
35,71,88,94,30,204.85619986318815
35,71,85,95,17,116.37809562859259
35,71,86,94,18,103.51525194626072
35,71,80,95,16,97.4607275779258
35,71,88,98,44,297.5324930547461
35,71,83,96,46,332.1976531792829
35,71,81,93,37,252.6758931802578
35,71,86,96,37,222.01415492475186
35,71,87,98,20,203.99496710708019
35,71,82,98,45,288.8602820753025
35,71,80,95,19,104.82060440517904
65,71,41,80,20,121.39521158652504
65,71,35,77,19,124.68463994274943
65,71,37,75,23,160.5036154845387
65,71,37,77,18,119.9613462667874
65,71,39,80,23,153.11755066551248
65,71,38,78,20,136.39723128710787
65,71,36,77,18,120.44791094689725
65,71,34,76,22,149.98114429471264
65,71,38,73,26,172.01114709080545
65,71,36,72,23,155.080803219536
65,71,37,70,19,129.51100400997703
65,71,38,79,22,151.95286450506404
65,71,33,69,20,138.3159406200525
65,71,36,71,31,208.6282138161481
65,71,36,75,28,174.63959722689287
65,71,34,76,21,138.31645913708928
65,71,39,80,28,193.35496511775543
65,71,34,77,33,224.34323926313996
65,71,35,80,28,186.6356037821798
65,71,35,73,20,136.9776523075163
65,71,37,70,18,130.7688652826544
65,71,38,53,11,65.99326989451785
65,71,30,55,13,82.69669511828177
65,71,36,52,16,107.57096769587201
65,71,37,54,18,117.19852892162329
65,71,37,54,12,78.2721791390551
65,71,30,58,13,83.53796466462137
65,71,34,52,15,98.8424625237901
65,71,33,53,13,81.89657830391306
65,71,34,54,13,86.11972514632967
65,71,31,56,13,85.77434204414827
65,71,39,52,9,56.28882550674921
65,71,33,52,12,76.78370674358796
65,71,34,55,12,77.07926948909561
65,71,34,54,11,71.94250800336287
65,71,35,51,11,72.14332756727624
65,71,30,58,22,142.23386882015794
65,71,39,52,13,75.2055290765224
65,71,83,33,12,75.79717605739837
65,71,82,38,31,192.65043907948262
65,71,81,34,15,95.66474895548666
65,71,84,43,10,63.24324527037621
65,71,82,34,14,90.53704972498439
65,71,84,39,31,212.71192617765792
65,71,82,34,24,154.02259793567907
65,71,79,32,22,147.34877599332413
65,71,81,34,14,93.95555546906303
65,71,82,43,10,62.484887624896196
65,71,81,43,10,60.88090129148694
65,71,82,39,26,168.91857001942552
65,71,80,33,14,89.14002805494061
65,71,83,79,16,99.19626242105562
65,71,91,79,14,87.79990265009764
65,71,87,68,12,72.12356906045693
65,71,89,79,17,114.45565423947845
65,71,88,65,12,73.82690191933624
65,71,90,73,16,101.8288402113881
65,71,90,77,13,85.76071349760244
65,71,88,79,18,125.66255959681854
65,71,86,76,16,107.11848493468584
65,71,90,76,16,94.48267136400274
65,71,88,73,16,106.94074536677334
65,71,91,66,11,69.4236171155249
65,71,91,75,14,87.39357052716817
65,71,87,73,19,120.53486554939329
65,71,88,77,18,122.00782681844547
65,71,91,81,17,106.72766530483129
65,71,88,67,18,106.1458372070219
65,71,86,75,14,91.37116655062106
65,71,90,71,14,93.04676081620796
65,71,89,70,14,91.82892733923059
65,71,89,70,13,84.5542139495842
65,71,91,77,16,108.076887218721
65,71,89,80,16,101.33502126578793
65,71,91,73,13,83.47848690619324
65,71,87,80,15,101.96361944117277
65,71,63,39,18,118.36845404625376
65,71,61,36,22,154.73833854930496
65,71,63,37,31,233.67210116821167
65,71,63,38,22,135.5484762011348
65,71,63,34,18,120.29024145673222
65,71,62,36,15,100.33036609372012
65,71,62,35,16,109.18524364880778
65,71,63,35,25,172.4421038412458
65,71,62,38,20,144.52293795544844
65,71,63,34,19,144.940446505171
65,71,64,35,18,119.53765663266489
65,71,63,34,19,124.11078515120948
65,71,66,35,18,120.03384416757277
65,71,66,38,20,135.82902079713804
65,71,64,34,17,106.05459539430377
65,71,67,38,23,151.48343637762505
65,71,63,35,17,112.84804748716877
65,71,88,97,12,67.91560531500214
65,71,83,97,10,63.68172458221767
65,71,88,94,12,75.16015421954052
65,71,85,95,26,142.1280664130131
65,71,86,94,13,79.69396758109333
65,71,80,95,11,63.71757972362018
65,71,88,98,13,76.71387115396648
65,71,83,96,11,72.91029034205282
65,71,81,93,13,75.9459593685918
65,71,86,96,21,127.84628585023054
65,71,87,98,22,146.47296741678608
65,71,82,98,10,63.41694298335956
65,71,80,95,12,63.65539074686508
85,71,41,80,29,203.0679100275308
85,71,35,77,29,199.34060885610666
85,71,37,75,33,212.89967314569782
85,71,37,77,24,158.73142602397292
85,71,39,80,29,204.36662815299297
85,71,38,78,31,211.98629357212562
85,71,36,77,29,201.4942995469294
85,71,34,76,28,196.33911103783822
85,71,38,73,28,227.73168322324153
85,71,36,72,24,170.35464668179688
85,71,37,70,23,157.7192776360833
85,71,38,79,25,173.7604018987244
85,71,33,69,25,174.1332602626943
85,71,36,71,31,234.10497848607474
85,71,36,75,38,267.29770362384505
85,71,34,76,24,163.69515252152573
85,71,39,80,29,196.53313768275632
85,71,34,77,33,227.7611659341591
85,71,35,80,23,157.62400682939045
85,71,35,73,24,154.9274135241962
85,71,37,70,32,209.96347691379685
85,71,38,53,15,102.74803949558104
85,71,30,55,27,179.35271967102608
85,71,36,52,18,114.10836316445288
85,71,37,54,17,113.75223590981511
85,71,37,54,18,124.1122810779612
85,71,30,58,19,126.39162898703664
85,71,34,52,22,151.06598641861
85,71,33,53,20,134.9860189004157
85,71,34,54,20,136.4049762773168
85,71,31,56,26,174.7891287302826
85,71,39,52,16,106.45062160519976
85,71,33,52,19,124.36685297736163
85,71,34,55,17,111.81435842498448
85,71,34,54,17,111.31314348066239
85,71,35,51,18,118.5451120303382
85,71,30,58,35,241.92392301088313
85,71,39,52,16,109.16293857995564
85,71,83,33,12,74.33659183170708
85,71,82,38,10,61.41374852448549
85,71,81,34,9,58.88014395221974
85,71,84,43,10,64.77073468168527
85,71,82,34,11,72.68402333304871
85,71,84,39,9,59.276956921303835
85,71,82,34,10,62.708089832517004
85,71,79,32,11,74.14715901243356
85,71,81,34,11,68.53441053084995
85,71,82,43,8,48.917211332848325
85,71,81,43,8,52.16143674248767
85,71,82,39,10,61.56686772279776
85,71,80,33,11,68.99508318993183
85,71,83,79,3,14.32959774455833
85,71,91,79,5,23.73738178349105
85,71,87,68,3,9.342292833230449
85,71,89,79,4,18.944268869821915
85,71,88,65,3,10.319384629807043
85,71,90,73,3,11.970828432992235
85,71,90,77,4,20.570286861081335
85,71,88,79,3,12.319454813496373
85,71,86,76,3,7.9790360960857445
85,71,90,76,3,12.941364854377776
85,71,88,73,3,9.33678623917587
85,71,91,66,3,12.230570966039785
85,71,91,75,3,12.15586219912159
85,71,87,73,3,11.061188285519588
85,71,88,77,3,12.71000990585318
85,71,91,81,4,17.93418018451029
85,71,88,67,3,7.349803108287115
85,71,86,75,3,10.691477914754358
85,71,90,71,3,13.747723530430388
85,71,89,70,3,12.76517434844093
85,71,89,70,3,11.523319784928098
85,71,91,77,3,12.229774630385258
85,71,89,80,4,18.783052435408358
85,71,91,73,4,21.165377473466467
85,71,87,80,3,14.59384295420145
85,71,63,39,17,103.4066205018895
85,71,61,36,17,109.62904640468858
85,71,63,37,32,221.29013302407088
85,71,63,38,20,159.17666373854001
85,71,63,34,27,183.25179364434177
85,71,62,36,27,178.8206544681269
85,71,62,35,26,181.40962388533225
85,71,63,35,15,100.47660550738522
85,71,62,38,24,223.2268489487333
85,71,63,34,15,102.10587489377514
85,71,64,35,18,109.79275150881881
85,71,63,34,14,91.8849095864961
85,71,66,35,15,99.45084101854808
85,71,66,38,21,134.73787130492593
85,71,64,34,21,142.63726883676242
85,71,67,38,18,118.95172690439422
85,71,63,35,19,142.71908314968175
85,71,88,97,11,69.81269086183636
85,71,83,97,10,61.7724617032114
85,71,88,94,10,58.247809868176496
85,71,85,95,11,60.20650909484764
85,71,86,94,8,46.64050011155873
85,71,80,95,23,157.01889168944658
85,71,88,98,11,59.69445585940621
85,71,83,96,9,54.24564590921057
85,71,81,93,25,162.30037341075132
85,71,86,96,9,54.03416540155761
85,71,87,98,9,53.29578861276597
85,71,82,98,10,61.544670147245554
85,71,80,95,22,149.05832965395146
95,71,41,80,31,235.1175752982747
95,71,35,77,26,176.90398432450914
95,71,37,75,31,199.56760205934526
95,71,37,77,27,189.02517946550768
95,71,39,80,25,170.68367389459067
95,71,38,78,28,193.21646188720456
95,71,36,77,29,197.19320660959232
95,71,34,76,27,179.57786905522718
95,71,38,73,27,185.03168450812154
95,71,36,72,24,167.27925084051643
95,71,37,70,27,185.69626851032837
95,71,38,79,29,200.30171111743473
95,71,33,69,31,217.42227784162998
95,71,36,71,27,187.37903273764888
95,71,36,75,26,182.9088593151364
95,71,34,76,26,177.0187752428404
95,71,39,80,41,280.765403080396
95,71,34,77,37,250.86354098585466
95,71,35,80,29,195.89720682486944
95,71,35,73,27,182.41264133854264
95,71,37,70,26,163.01268304736809
95,71,38,53,18,122.97266584953289
95,71,30,55,31,211.68823738618636
95,71,36,52,19,117.82210971118356
95,71,37,54,16,109.75123464627762
95,71,37,54,17,117.1882629222696
95,71,30,58,19,128.8169770697784
95,71,34,52,26,178.87249046957885
95,71,33,53,18,122.559853503602
95,71,34,54,18,124.1618473924724
95,71,31,56,19,128.1508314739522
95,71,39,52,17,111.80162549508728
95,71,33,52,18,122.61101550445703
95,71,34,55,19,121.58267560290997
95,71,34,54,36,235.8218184417642
95,71,35,51,19,129.35687457103322
95,71,30,58,20,137.37855448444293
95,71,39,52,18,117.6938722925226
95,71,83,33,12,74.02967936796092
95,71,82,38,13,77.22200804177405
95,71,81,34,11,65.41150990745852
95,71,84,43,9,54.56808637646023
95,71,82,34,11,66.80939337999709
95,71,84,39,10,62.43588843461115
95,71,82,34,11,69.09018829662875
95,71,79,32,13,85.47715832918912
95,71,81,34,10,62.02315757946932
95,71,82,43,9,52.17313661023941
95,71,81,43,10,59.67900589898282
95,71,82,39,10,63.02215196607526
95,71,80,33,11,67.87673468199961
95,71,83,79,6,32.766730022528236
95,71,91,79,3,13.881176877293338
95,71,87,68,4,16.33477905566712
95,71,89,79,5,23.983937418234504
95,71,88,65,3,13.285027060849867
95,71,90,73,3,13.73366536024771
95,71,90,77,7,40.46745507327355
95,71,88,79,4,18.11744928185935
95,71,86,76,5,23.007705993095872
95,71,90,76,3,12.596404600352546
95,71,88,73,3,12.38513627855998
95,71,91,66,3,11.812412797961557
95,71,91,75,3,8.948205439134668
95,71,87,73,4,21.176931759697
95,71,88,77,3,13.85867083686038
95,71,91,81,4,18.650679157753302
95,71,88,67,3,11.701932885744466
95,71,86,75,3,14.390541483760753
95,71,90,71,3,8.264283234611128
95,71,89,70,6,31.85291261000145
95,71,89,70,3,11.037006823401907
95,71,91,77,3,14.29290661262722
95,71,89,80,4,17.698703224158308
95,71,91,73,3,13.863133540429544
95,71,87,80,6,32.30373997766814
95,71,63,39,22,119.80834640532692
95,71,61,36,35,226.4705832598917
95,71,63,37,20,138.4501292185754
95,71,63,38,18,118.40361232202811
95,71,63,34,20,129.69717320814877
95,71,62,36,15,107.81583104829613
95,71,62,35,19,126.39906237292074
95,71,63,35,19,129.33535096690542
95,71,62,38,33,220.61134562810116
95,71,63,34,23,159.19937889419293
95,71,64,35,28,183.74815845488513
95,71,63,34,30,204.4266327244024
95,71,66,35,22,135.60833956109835
95,71,66,38,27,173.37212552614153
95,71,64,34,15,99.4067282936636
95,71,67,38,14,95.48560543965351
95,71,63,35,15,105.81751822556456
95,71,88,97,10,50.45527975981833
95,71,83,97,10,53.2934747908351
95,71,88,94,8,43.26321909749486
95,71,85,95,11,45.58186319386399
95,71,86,94,10,55.24357702258774
95,71,80,95,9,54.681744344636954
95,71,88,98,26,153.7619588951122
95,71,83,96,9,54.85154915989445
95,71,81,93,23,268.08958983797226
95,71,86,96,10,50.138047505106655
95,71,87,98,11,62.50639795085326
95,71,82,98,11,62.576207700853104
95,71,80,95,20,144.01457267007268
25,83,41,80,5,26.0977469551135
25,83,35,77,6,33.364155970786705
25,83,37,75,4,21.387497529381903
25,83,37,77,5,25.110597945009687
25,83,39,80,5,22.319858374887872
25,83,38,78,4,21.031798347307806
25,83,36,77,4,19.29423219882962
25,83,34,76,4,17.23492825717022
25,83,38,73,5,26.61037713372067
25,83,36,72,5,26.3396535037381
25,83,37,70,6,31.741900907646027
25,83,38,79,4,20.440318963835928
25,83,33,69,5,25.815604321314108
25,83,36,71,8,43.35771686333732
25,83,36,75,6,29.701237579245685
25,83,34,76,4,20.869980729432864
25,83,39,80,6,34.038116465001984
25,83,34,77,4,20.416528928209985
25,83,35,80,4,21.548596051714767
25,83,35,73,5,26.734527556445258
25,83,37,70,6,32.28720260479611
25,83,38,53,18,118.0712858569806
25,83,30,55,9,55.464675669332465
25,83,36,52,19,124.20644212172837
25,83,37,54,9,58.70319320109563
25,83,37,54,16,107.28570690200631
25,83,30,58,7,44.696069701164895
25,83,34,52,15,99.98248358417955
25,83,33,53,10,59.80321326390249
25,83,34,54,17,113.68622875029709
25,83,31,56,9,58.43383933174358
25,83,39,52,16,105.19038795329402
25,83,33,52,10,64.97078100488838
25,83,34,55,8,50.09629313848915
25,83,34,54,10,62.196260913229445
25,83,35,51,12,79.64263244322508
25,83,30,58,8,52.48309928697701
25,83,39,52,10,61.249018267512916
25,83,83,33,26,176.0709806914091
25,83,82,38,33,207.2527216403732
25,83,81,34,32,213.65756996913322
25,83,84,43,22,152.04394073586982
25,83,82,34,31,214.849058834832
25,83,84,39,30,207.93483864565073
25,83,82,34,25,175.88965305449923
25,83,79,32,28,178.44723771932212
25,83,81,34,24,163.85026020961388
25,83,82,43,26,181.88057636677448
25,83,81,43,22,155.27055194405855
25,83,82,39,24,164.5768017417801
25,83,80,33,30,202.22821578616694
25,83,83,79,46,316.0102765843545
25,83,91,79,42,273.13217723740036
25,83,87,68,29,197.00421512139317
25,83,89,79,21,139.3917494317489
25,83,88,65,39,279.4678841724789
25,83,90,73,44,293.457315221036
25,83,90,77,40,282.3049736278706
25,83,88,79,34,237.39309386643845
25,83,86,76,29,203.26798843974743
25,83,90,76,38,260.4108064263867
25,83,88,73,31,205.73222481132922
25,83,91,66,35,241.68103661414256
25,83,91,75,38,257.7962530217233
25,83,87,73,42,272.5531756705311
25,83,88,77,37,252.784251765355
25,83,91,81,37,256.2416034797956
25,83,88,67,32,207.18973310455965
25,83,86,75,42,256.15298050337134
25,83,90,71,35,250.81273936620153
25,83,89,70,26,186.77591695595217
25,83,89,70,35,243.20103134335082
25,83,91,77,28,190.60673225844576
25,83,89,80,32,223.22141095675272
25,83,91,73,35,243.7653301915575
25,83,87,80,25,171.72387142349965
25,83,63,39,26,157.65651362027694
25,83,61,36,24,162.5571309939721
25,83,63,37,22,145.8354381542225
25,83,63,38,24,148.48703305858984
25,83,63,34,32,229.59106444072987
25,83,62,36,22,138.65746344791924
25,83,62,35,22,161.27347800936968
25,83,63,35,25,167.0144791760435
25,83,62,38,21,143.83211773375854
25,83,63,34,30,183.9030267944445
25,83,64,35,19,127.92342054036239
25,83,63,34,21,145.47528834252265
25,83,66,35,28,190.1062619923276
25,83,66,38,20,135.96544518823953
25,83,64,34,25,165.97314787923025
25,83,67,38,21,143.8736770390742
25,83,63,35,28,190.34662165572553
25,83,88,97,18,116.03032311622589
25,83,83,97,16,104.22025057950857
25,83,88,94,19,108.7920725443636
25,83,85,95,36,284.9408198799992
25,83,86,94,42,266.05052022440816
25,83,80,95,16,99.76319588901404
25,83,88,98,46,298.4708726500613
25,83,83,96,30,224.78052973998572
25,83,81,93,29,196.00140634247234
25,83,86,96,30,202.14723775425685
25,83,87,98,19,122.6126192592667
25,83,82,98,44,300.4062281723021
25,83,80,95,42,249.28413873964632
35,83,41,80,3,10.000883327131397
35,83,35,77,4,16.72308881320246
35,83,37,75,3,11.884642662792201
35,83,37,77,3,10.79909815707347
35,83,39,80,3,8.594944300684856
35,83,38,78,3,13.03416215376593
35,83,36,77,3,12.899828567850463
35,83,34,76,3,10.75802033337347
35,83,38,73,4,18.318272832918957
35,83,36,72,4,19.319841638431605
35,83,37,70,4,20.772416804736462
35,83,38,79,3,13.503595624451998
35,83,33,69,5,25.106664780723985
35,83,36,71,4,18.821752115346218
35,83,36,75,3,12.615866020715735
35,83,34,76,3,10.581210375441058
35,83,39,80,3,14.34181699776563
35,83,34,77,3,9.348265820607125
35,83,35,80,3,10.555608058564253
35,83,35,73,4,15.918945418573145
35,83,37,70,5,25.758840840484364
35,83,38,53,13,83.73247530781875
35,83,30,55,8,50.0447179320978
35,83,36,52,10,64.09251520770428
35,83,37,54,12,78.59123884310124
35,83,37,54,16,141.13658291778552
35,83,30,58,7,43.186449935465845
35,83,34,52,11,72.49565438104531
35,83,33,53,13,79.1023969280512
35,83,34,54,10,59.69441749962657
35,83,31,56,8,48.875288502901995
35,83,39,52,15,97.95600515130828
35,83,33,52,9,56.61127218916303
35,83,34,55,8,49.68070126158787
35,83,34,54,9,58.60657370705185
35,83,35,51,10,61.98980736075752
35,83,30,58,8,52.826237859271544
35,83,39,52,18,117.9321105018632
35,83,83,33,28,193.21494137583966
35,83,82,38,33,225.90181745268674
35,83,81,34,25,171.65239923787212
35,83,84,43,29,200.63600673353673
35,83,82,34,32,216.3659652281869
35,83,84,39,32,209.02208265372423
35,83,82,34,37,256.2911240010789
35,83,79,32,22,150.29855674593074
35,83,81,34,27,183.62236809001908
35,83,82,43,44,291.2873254340866
35,83,81,43,28,196.50790007244515
35,83,82,39,26,180.64758822473277
35,83,80,33,26,185.0414835479187
35,83,83,79,53,351.7371458761124
35,83,91,79,27,187.89165250529672
35,83,87,68,30,203.60628854803724
35,83,89,79,49,320.16294957942375
35,83,88,65,33,226.4673346894999
35,83,90,73,29,201.09025010752575
35,83,90,77,35,247.56198116388964
35,83,88,79,29,195.83922324648324
35,83,86,76,43,297.7007728994895
35,83,90,76,38,258.95851043533554
35,83,88,73,39,263.3094478284565
35,83,91,66,34,240.61820785886133
35,83,91,75,41,266.3746245370398
35,83,87,73,38,251.02182856311362
35,83,88,77,30,228.57844651610776
35,83,91,81,42,287.6192285176325
35,83,88,67,36,229.2634386402177
35,83,86,75,30,206.83167096359244
35,83,90,71,37,258.2145523046808
35,83,89,70,25,182.63615749068305
35,83,89,70,28,195.67397213002405
35,83,91,77,43,274.9446659380289
35,83,89,80,18,113.90407994089765
35,83,91,73,32,207.94743458882763
35,83,87,80,28,200.79245187288896
35,83,63,39,36,230.3521255119578
35,83,61,36,24,157.60890409519294
35,83,63,37,28,189.07833696745197
35,83,63,38,30,180.19117458913703
35,83,63,34,21,146.13017119189024
35,83,62,36,24,168.00879166570698
35,83,62,35,25,167.44972869834342
35,83,63,35,25,170.8451841906988
35,83,62,38,28,187.67936220328895
35,83,63,34,25,172.26773982060504
35,83,64,35,26,169.03307771230135
35,83,63,34,30,198.62051740796417
35,83,66,35,21,144.77089817929598
35,83,66,38,25,170.92090421206262
35,83,64,34,25,169.56707445612292
35,83,67,38,20,133.36163173937814
35,83,63,35,25,174.49606992513048
35,83,88,97,35,207.03774024945807
35,83,83,97,14,87.9313907174019
35,83,88,94,14,92.2423326975761
35,83,85,95,46,284.94365356257015
35,83,86,94,32,215.48102637027662
35,83,80,95,12,73.17533473427025
35,83,88,98,30,191.70620100645797
35,83,83,96,14,85.39459416854248
35,83,81,93,14,87.26940303832666
35,83,86,96,40,269.6313517795973
35,83,87,98,47,321.92138334368667
35,83,82,98,14,90.07184289854439
35,83,80,95,34,219.25359501894908
65,83,41,80,25,186.97626896527797
65,83,35,77,32,206.43735104208332
65,83,37,75,25,168.80179444790386
65,83,37,77,37,226.5694090173677
65,83,39,80,23,135.80369637800524
65,83,38,78,34,227.53987110007853
65,83,36,77,30,218.48004960194405
65,83,34,76,26,167.10685432210494
65,83,38,73,24,161.00897560367687
65,83,36,72,28,190.21660866410562
65,83,37,70,25,167.7779318103948
65,83,38,79,26,173.75868257145447
65,83,33,69,30,200.48436440139918
65,83,36,71,26,177.8644221654207
65,83,36,75,20,144.30985653222658
65,83,34,76,26,181.14192622824663
65,83,39,80,29,186.2748707339406
65,83,34,77,31,214.79879906847407
65,83,35,80,26,181.30053209933132
65,83,35,73,14,91.51367521340698
65,83,37,70,25,174.9287284767067
65,83,38,53,13,85.31092039949958
65,83,30,55,16,106.13355253531762
65,83,36,52,15,97.05441169770981
65,83,37,54,13,86.63283276857861
65,83,37,54,13,87.99003803673004
65,83,30,58,19,129.658454222476
65,83,34,52,15,97.11956431444457
65,83,33,53,16,106.00057965130651
65,83,34,54,15,98.75472513671276
65,83,31,56,18,121.91256977105593
65,83,39,52,13,83.94493747599388
65,83,33,52,13,83.70910838044504
65,83,34,55,16,94.70710766136219
65,83,34,54,12,79.83880762898322
65,83,35,51,15,98.93644187124542
65,83,30,58,16,107.21173696247337
65,83,39,52,18,112.84624209970868
65,83,83,33,28,193.4855911347415
65,83,82,38,27,184.65344755451687
65,83,81,34,19,122.76934692895391
65,83,84,43,14,94.03025298932486
65,83,82,34,26,172.4682622684647
65,83,84,39,16,106.32626615925354
65,83,82,34,27,183.70281178082305
65,83,79,32,17,111.70326153310133
65,83,81,34,16,107.9248044273786
65,83,82,43,14,89.51440458087235
65,83,81,43,11,69.9388670079018
65,83,82,39,16,98.57375036771147
65,83,80,33,23,160.55244845879744
65,83,83,79,38,267.1193013155198
65,83,91,79,19,120.01136890413139
65,83,87,68,13,86.57834635434133
65,83,89,79,19,124.09355414442865
65,83,88,65,14,89.17788600259628
65,83,90,73,17,116.64903235707504
65,83,90,77,13,85.15609167559212
65,83,88,79,18,120.93916820694058
65,83,86,76,21,146.6218659650721
65,83,90,76,17,111.92162995492316
65,83,88,73,15,94.25969792668278
65,83,91,66,19,130.14284592267808
65,83,91,75,17,108.33388586368487
65,83,87,73,17,100.16956819965161
65,83,88,77,17,109.23125657972089
65,83,91,81,23,146.936158516034
65,83,88,67,15,98.63744450862718
65,83,86,75,17,113.43854186740923
65,83,90,71,17,111.22980243643622
65,83,89,70,17,112.17718052773971
65,83,89,70,17,113.88548250409951
65,83,91,77,18,119.91698842506143
65,83,89,80,20,133.46757650833865
65,83,91,73,22,133.30115285007358
65,83,87,80,21,135.88750997312798
65,83,63,39,23,148.51839816938545
65,83,61,36,22,148.70035366281812
65,83,63,37,25,165.26356029530405
65,83,63,38,20,132.4776873279057
65,83,63,34,33,212.30744980222494
65,83,62,36,25,174.99929273810625
65,83,62,35,20,135.39539634548075
65,83,63,35,19,129.61953216934128
65,83,62,38,24,157.37940373294515
65,83,63,34,24,154.93401540684414
65,83,64,35,21,136.40265074547253
65,83,63,34,26,171.9391838145362
65,83,66,35,19,136.73115791268188
65,83,66,38,30,197.17760642767686
65,83,64,34,23,154.97910996229092
65,83,67,38,27,178.80214818776778
65,83,63,35,20,132.29611802923392
65,83,88,97,22,137.46783057236257
65,83,83,97,8,46.511685220071556
65,83,88,94,10,57.00494523104103
65,83,85,95,8,47.876021243996796
65,83,86,94,7,42.80795685224059
65,83,80,95,6,32.73206830868349
65,83,88,98,8,47.69032540606372
65,83,83,96,9,55.725577918906595
65,83,81,93,6,34.94231682491514
65,83,86,96,9,51.638133676132924
65,83,87,98,11,43.41249965405894
65,83,82,98,7,41.41584288564643
65,83,80,95,8,39.14646154063624
95,83,41,80,35,235.12473314589982
95,83,35,77,26,178.55658139745438
95,83,37,75,36,237.48017895067468
95,83,37,77,35,245.75752731028072
95,83,39,80,29,192.77187070039074
95,83,38,78,28,194.72339794443053
95,83,36,77,31,214.85535020699277
95,83,34,76,32,223.82248413021534
95,83,38,73,33,226.42869738144384
95,83,36,72,27,190.69084145846745
95,83,37,70,30,194.40687365535874
95,83,38,79,31,212.4597599167144
95,83,33,69,30,210.00571464894557
95,83,36,71,40,272.3557061192628
95,83,36,75,42,282.9981615989036
95,83,34,76,33,240.50212905504094
95,83,39,80,29,200.98495267285082
95,83,34,77,30,207.340024221857
95,83,35,80,32,222.60446403236153
95,83,35,73,36,252.6685074613394
95,83,37,70,25,170.9079105279921
95,83,38,53,30,209.27280903526366
95,83,30,55,30,209.69799793028895
95,83,36,52,23,154.02082551928063
95,83,37,54,29,185.09509627148202
95,83,37,54,19,131.01763131074088
95,83,30,58,29,199.09612412758824
95,83,34,52,21,144.9180719938595
95,83,33,53,23,164.11268922760206
95,83,34,54,24,168.411460072592
95,83,31,56,21,139.1405270344682
95,83,39,52,18,118.59460427558085
95,83,33,52,22,156.4798502619858
95,83,34,55,29,199.12385476852623
95,83,34,54,20,139.34257190375658
95,83,35,51,22,142.87123549068835
95,83,30,58,23,156.48322341559154
95,83,39,52,19,128.95830779948696
95,83,83,33,15,97.16316110047815
95,83,82,38,12,77.61089666438687
95,83,81,34,13,86.07501646998021
95,83,84,43,12,79.81727527183244
95,83,82,34,13,82.46963272617603
95,83,84,39,12,76.01209097548843
95,83,82,34,14,89.49564607991044
95,83,79,32,15,101.63834758044794
95,83,81,34,14,89.907523650166
95,83,82,43,12,75.52611393295376
95,83,81,43,12,78.15452324822935
95,83,82,39,12,74.55066514550843
95,83,80,33,16,104.9851061156432
95,83,83,79,5,28.893832017449938
95,83,91,79,3,11.157762441277091
95,83,87,68,5,28.818984457761598
95,83,89,79,3,10.86674256186235
95,83,88,65,6,36.44364854304351
95,83,90,73,5,26.428329282782368
95,83,90,77,3,13.734992232978536
95,83,88,79,5,26.319826981524365
95,83,86,76,4,18.179150858914607
95,83,90,76,3,14.060006221153174
95,83,88,73,5,23.25458893908703
95,83,91,66,6,35.753918842225985
95,83,91,75,4,16.37611314967883
95,83,87,73,5,25.600522786330007
95,83,88,77,3,13.406322995461412
95,83,91,81,3,11.02722784219707
95,83,88,67,7,39.933668203714404
95,83,86,75,4,20.055994769381616
95,83,90,71,5,23.159751249389505
95,83,89,70,4,20.87069443242433
95,83,89,70,5,25.021123460404873
95,83,91,77,3,14.686139101583265
95,83,89,80,3,10.28499282249896
95,83,91,73,5,26.041516761312582
95,83,87,80,3,12.879898339781603
95,83,63,39,29,202.25492751572136
95,83,61,36,27,186.1054552940533
95,83,63,37,26,174.3147872002816
95,83,63,38,25,166.5169184176334
95,83,63,34,22,151.64728335360095
95,83,62,36,20,130.40536976312276
95,83,62,35,26,171.08249883029234
95,83,63,35,23,155.4544884395821
95,83,62,38,19,128.04370646396916
95,83,63,34,35,235.84666771133342
95,83,64,35,21,126.55637799667778
95,83,63,34,22,133.0957159334597
95,83,66,35,23,137.28873436371933
95,83,66,38,20,121.78392473234238
95,83,64,34,22,150.84189861154576
95,83,67,38,18,128.12934221587793
95,83,63,35,20,135.61110315925137
95,83,88,97,5,25.82471199321615
95,83,83,97,7,38.024692389303745
95,83,88,94,5,26.554759447723093
95,83,85,95,6,30.48719788347923
95,83,86,94,5,27.828117402465615
95,83,80,95,8,44.44244537364461
95,83,88,98,5,26.88759480648143
95,83,83,96,5,28.853388174252736
95,83,81,93,8,44.61165872517484
95,83,86,96,6,32.70360823254596
95,83,87,98,5,26.540834042477904
95,83,82,98,7,37.679958249817005
95,83,80,95,6,33.15897722523457
25,95,41,80,6,36.46225027257921
25,95,35,77,8,47.96435104084672
25,95,37,75,6,35.63630781160592
25,95,37,77,7,36.09523819583097
25,95,39,80,11,68.25422363431909
25,95,38,78,7,38.825928370566196
25,95,36,77,8,49.8362191963554
25,95,34,76,6,33.431977545705706
25,95,38,73,8,46.731608833597086
25,95,36,72,9,47.80778738144452
25,95,37,70,8,43.16592510244901
25,95,38,79,8,47.54952692412148
25,95,33,69,9,56.62303289293996
25,95,36,71,9,50.89378836328926
25,95,36,75,8,48.78624178976335
25,95,34,76,6,35.658841889775005
25,95,39,80,8,48.791694941700165
25,95,34,77,7,42.48567906403726
25,95,35,80,8,45.96037431260756
25,95,35,73,7,39.37668353147328
25,95,37,70,8,49.315276657613204
25,95,38,53,11,73.15279852127634
25,95,30,55,11,70.32192103922152
25,95,36,52,16,102.7761185633019
25,95,37,54,18,119.57411597928575
25,95,37,54,14,83.47507350940887
25,95,30,58,13,93.11519575312681
25,95,34,52,15,100.7163095101801
25,95,33,53,13,87.18038575323489
25,95,34,54,11,73.07528710243666
25,95,31,56,11,72.63569391601702
25,95,39,52,19,123.11938023017133
25,95,33,52,13,82.62555917099124
25,95,34,55,13,82.006116908642
25,95,34,54,14,97.68749446947875
25,95,35,51,12,77.37607696404459
25,95,30,58,12,78.47861938342403
25,95,39,52,13,85.62593628003142
25,95,83,33,26,176.73638510055278
25,95,82,38,32,233.7095267714738
25,95,81,34,34,229.06026581574972
25,95,84,43,25,171.2017045851908
25,95,82,34,30,207.71118008936477
25,95,84,39,37,238.05407562033682
25,95,82,34,37,244.9297088049615
25,95,79,32,29,201.7908071240004
25,95,81,34,32,191.1313387481217
25,95,82,43,33,202.16962081004772
25,95,81,43,28,194.78065502831248
25,95,82,39,33,229.0418877996677
25,95,80,33,34,237.11652213244244
25,95,83,79,40,278.1049151060856
25,95,91,79,33,234.8017527435712
25,95,87,68,26,179.69584668758944
25,95,89,79,32,228.0166177313411
25,95,88,65,35,244.19223683766242
25,95,90,73,45,289.9537328753801
25,95,90,77,31,216.94521042285274
25,95,88,79,33,213.61285222637417
25,95,86,76,24,163.01069543351622
25,95,90,76,39,281.38718132306064
25,95,88,73,38,255.99185858272335
25,95,91,66,32,214.89768077454647
25,95,91,75,44,297.95515491289706
25,95,87,73,44,283.09331158312614
25,95,88,77,47,308.4860931325431
25,95,91,81,51,327.1101604021308
25,95,88,67,41,266.73571466070086
25,95,86,75,40,268.81457001776005
25,95,90,71,40,274.05431012940795
25,95,89,70,36,228.0092593316152
25,95,89,70,41,271.98501176003583
25,95,91,77,37,258.5883091175833
25,95,89,80,28,194.552706168868
25,95,91,73,49,317.28625649845424
25,95,87,80,33,274.63608924669825
25,95,63,39,33,231.04641071855124
25,95,61,36,27,187.56988945582427
25,95,63,37,30,198.9770567155583
25,95,63,38,25,173.85285101892111
25,95,63,34,23,156.7212547503858
25,95,62,36,27,183.25959767296072
25,95,62,35,23,155.38294257614305
25,95,63,35,26,181.4951923483197
25,95,62,38,27,190.89837678359137
25,95,63,34,24,153.38207513004264
25,95,64,35,26,157.37663988922634
25,95,63,34,23,144.98949974584025
25,95,66,35,42,235.90092474944262
25,95,66,38,28,190.30186133325654
25,95,64,34,24,160.70402379090078
25,95,67,38,27,186.9662446883555
25,95,63,35,22,150.46286233624764
25,95,88,97,48,318.8606627568318
25,95,83,97,16,103.3375137484113
25,95,88,94,18,111.74427829284086
25,95,85,95,33,238.29785861030118
25,95,86,94,15,97.82892151701627
25,95,80,95,13,100.5032267156084
25,95,88,98,16,101.79869774943424
25,95,83,96,17,92.01927195469649
25,95,81,93,50,345.0390645686918
25,95,86,96,17,99.33508288158478
25,95,87,98,16,110.89412793219445
25,95,82,98,40,252.1374172515192
25,95,80,95,14,89.54180649573944
35,95,41,80,5,26.858446376617238
35,95,35,77,7,41.570207071818196
35,95,37,75,6,32.83506648758473
35,95,37,77,5,28.455093201220134
35,95,39,80,5,25.75980605614061
35,95,38,78,5,26.208324600635358
35,95,36,77,5,27.2682303694264
35,95,34,76,10,62.55794758479569
35,95,38,73,8,50.03998477389683
35,95,36,72,6,35.153853519310424
35,95,37,70,8,48.387870392588944
35,95,38,79,6,34.659869442313514
35,95,33,69,7,43.44929374799747
35,95,36,71,8,46.89855215129648
35,95,36,75,6,35.70645142240618
35,95,34,76,6,33.92943719103503
35,95,39,80,5,27.765910378775956
35,95,34,77,6,34.946737920346415
35,95,35,80,5,26.221767487955436
35,95,35,73,7,37.759920728592085
35,95,37,70,7,40.11994362209801
35,95,38,53,15,99.12602251259759
35,95,30,55,12,79.42535634303042
35,95,36,52,30,192.266808353239
35,95,37,54,13,79.88187292560029
35,95,37,54,17,106.66900079980178
35,95,30,58,10,63.39660602267378
35,95,34,52,12,80.36449077129902
35,95,33,53,13,87.3231973503144
35,95,34,54,19,128.31959693933982
35,95,31,56,14,94.456014650448
35,95,39,52,16,106.74373730538184
35,95,33,52,13,84.14749117760726
35,95,34,55,15,99.16604438935182
35,95,34,54,13,76.65606530522905
35,95,35,51,16,109.97189074209619
35,95,30,58,12,77.27462438549252
35,95,39,52,18,125.45249513662547
35,95,83,33,35,234.54986777798337
35,95,82,38,33,198.30940054302368
35,95,81,34,31,197.88042596011272
35,95,84,43,33,233.90513310218125
35,95,82,34,27,187.006289270812
35,95,84,39,35,238.5457134079961
35,95,82,34,31,208.52456559075475
35,95,79,32,28,193.15996684641382
35,95,81,34,36,244.3965081397442
35,95,82,43,41,254.796164793066
35,95,81,43,33,229.05485292890705
35,95,82,39,31,208.4911720478316
35,95,80,33,42,245.56503715596835
35,95,83,79,45,297.0497817144586
35,95,91,79,51,337.1408852188367
35,95,87,68,27,190.20407342089032
35,95,89,79,50,322.21175611874264
35,95,88,65,38,260.5129376305807
35,95,90,73,21,145.3627292178455
35,95,90,77,45,291.27882500175576
35,95,88,79,31,196.65447986943855
35,95,86,76,48,289.38029672237883
35,95,90,76,18,121.80416054307099
35,95,88,73,42,246.08925937202736
35,95,91,66,40,259.3262418142124
35,95,91,75,33,226.52409707993408
35,95,87,73,32,204.2723976600334
35,95,88,77,27,189.99647214954058
35,95,91,81,49,318.159062902928
35,95,88,67,42,286.97964426646075
35,95,86,75,44,300.7177598351535
35,95,90,71,26,164.90073183888805
35,95,89,70,46,314.16413576380154
35,95,89,70,44,294.64312615377776
35,95,91,77,44,296.7613608306381
35,95,89,80,27,164.2085272415427
35,95,91,73,29,202.2124082319906
35,95,87,80,33,226.26511752673778
35,95,63,39,28,177.91649822473576
35,95,61,36,29,201.14382823794972
35,95,63,37,32,215.26654557632085
35,95,63,38,26,157.91054556631624
35,95,63,34,25,157.83529357524782
35,95,62,36,27,185.47841753893996
35,95,62,35,22,150.27624606390694
35,95,63,35,26,172.2827582365554
35,95,62,38,33,200.15730361121732
35,95,63,34,26,179.35762846753056
35,95,64,35,32,203.53672526387595
35,95,63,34,30,209.4289885793148
35,95,66,35,26,174.76681050615204
35,95,66,38,25,165.57814084062352
35,95,64,34,28,184.85388177910917
35,95,67,38,25,164.76976117699041
35,95,63,35,24,154.49219178996438
35,95,88,97,15,96.89070061723108
35,95,83,97,16,103.86528428019255
35,95,88,94,13,83.08196935426594
35,95,85,95,12,76.19382805789553
35,95,86,94,15,95.75264980448864
35,95,80,95,13,82.65306976973582
35,95,88,98,17,88.48954237901803
35,95,83,96,13,81.32895738031358
35,95,81,93,11,72.47545701423387
35,95,86,96,15,79.0872412490897
35,95,87,98,45,309.4797303493982
35,95,82,98,12,75.71978551554494
35,95,80,95,11,69.13383426406855
45,95,41,80,5,26.780613222497667
45,95,35,77,7,42.58955911687254
45,95,37,75,6,31.997726838082993
45,95,37,77,6,35.72555080634486
45,95,39,80,5,23.949580354237355
45,95,38,78,6,33.69619524971591
45,95,36,77,6,33.669115047738764
45,95,34,76,7,39.378683986178494
45,95,38,73,6,35.01541381271801
45,95,36,72,7,38.03236987144446
45,95,37,70,9,55.81010135180232
45,95,38,79,5,26.661003410896676
45,95,33,69,9,55.969304914702036
45,95,36,71,9,52.88835267173425
45,95,36,75,8,46.513263955743895
45,95,34,76,7,43.94645396662511
45,95,39,80,5,23.891070193792387
45,95,34,77,6,33.07153777784607
45,95,35,80,7,43.1770146502527
45,95,35,73,7,40.237570525630666
45,95,37,70,11,72.41884983883776
45,95,38,53,16,107.70467380637822
45,95,30,55,14,92.38203205081365
45,95,36,52,17,114.77322257507801
45,95,37,54,14,92.79894770672145
45,95,37,54,15,98.48561957709965
45,95,30,58,11,74.8402109561458
45,95,34,52,16,108.18412887044613
45,95,33,53,15,96.00365155195072
45,95,34,54,13,84.1913184582391
45,95,31,56,13,94.93386586866977
45,95,39,52,16,96.87938042889999
45,95,33,52,12,80.45417404372277
45,95,34,55,16,104.1609310829638
45,95,34,54,12,81.55112080196302
45,95,35,51,14,90.64100619345905
45,95,30,58,12,78.5533121352281
45,95,39,52,13,88.21487364907303
45,95,83,33,30,199.13287222395866
45,95,82,38,30,209.28284704451804
45,95,81,34,38,252.38178833100085
45,95,84,43,35,219.79455264017
45,95,82,34,32,222.23257847595778
45,95,84,39,33,217.7498507655873
45,95,82,34,30,194.31898106494893
45,95,79,32,24,170.64560857996312
45,95,81,34,28,195.94761912948942
45,95,82,43,32,200.02287186561216
45,95,81,43,29,204.73413012655485
45,95,82,39,26,178.63410430540972
45,95,80,33,33,222.25082103230224
45,95,83,79,24,153.8026351332895
45,95,91,79,25,158.64026213892618
45,95,87,68,30,210.70716203287012
45,95,89,79,26,189.30453659577185
45,95,88,65,40,273.98987727271924
45,95,90,73,20,118.4191781999601
45,95,90,77,22,144.25054275331087
45,95,88,79,24,164.61190865418126
45,95,86,76,41,277.3378055083436
45,95,90,76,23,158.27596848434095
45,95,88,73,45,289.7824691949581
45,95,91,66,39,268.80725475597654
45,95,91,75,27,166.00765636942552
45,95,87,73,40,251.00031674379028
45,95,88,77,49,313.5420466092714
45,95,91,81,47,281.38601011189195
45,95,88,67,45,313.8334652791424
45,95,86,75,42,287.63746472494654
45,95,90,71,28,196.51170877761172
45,95,89,70,20,126.9510051814071
45,95,89,70,20,116.69832344896972
45,95,91,77,17,108.37376673367712
45,95,89,80,46,293.5234442542491
45,95,91,73,47,298.62217654328043
45,95,87,80,49,325.95032683415576
45,95,63,39,23,155.9103751556152
45,95,61,36,24,163.96873869574594
45,95,63,37,25,170.52588413102725
45,95,63,38,26,171.87559806488977
45,95,63,34,24,168.15987262567003
45,95,62,36,29,184.271660524306
45,95,62,35,21,147.14825880644048
45,95,63,35,30,199.78322332296912
45,95,62,38,24,173.48606771930164
45,95,63,34,26,165.15639048141017
45,95,64,35,27,186.70818757863762
45,95,63,34,21,143.63740726878365
45,95,66,35,23,158.13457259741273
45,95,66,38,23,154.35848917203742
45,95,64,34,28,191.98766760148902
45,95,67,38,25,170.42309831828112
45,95,63,35,26,186.7563202666728
45,95,88,97,10,65.88825193429615
45,95,83,97,10,59.94357593169181
45,95,88,94,14,84.13229987852654
45,95,85,95,12,60.58952715778229
45,95,86,94,12,71.73598479279033
45,95,80,95,9,55.35708155546635
45,95,88,98,11,66.82792513578201
45,95,83,96,10,58.8925041895584
45,95,81,93,10,58.248685116843546
45,95,86,96,11,67.18256550886866
45,95,87,98,11,66.94413341216084
45,95,82,98,10,60.49082629979449
45,95,80,95,9,54.474333581527944
55,95,41,80,8,48.86538836125253
55,95,35,77,8,49.2822148836991
55,95,37,75,8,49.65529405973221
55,95,37,77,12,75.07700238905763
55,95,39,80,7,39.72756991297019
55,95,38,78,8,47.46058596944597
55,95,36,77,8,47.7310009366463
55,95,34,76,8,47.74724689719971
55,95,38,73,13,77.43942078677264
55,95,36,72,11,67.2182774584034
55,95,37,70,18,120.74952314409624
55,95,38,79,8,43.649404985795854
55,95,33,69,9,58.45985660234394
55,95,36,71,24,187.63230586077069
55,95,36,75,8,49.626204761477524
55,95,34,76,9,51.02046098310245
55,95,39,80,7,41.54037067413796
55,95,34,77,8,47.972145660724195
55,95,35,80,13,81.98613050750669
55,95,35,73,10,58.26198194343189
55,95,37,70,14,78.69745879078677
55,95,38,53,16,107.61731160779263
55,95,30,55,18,121.0356092495382
55,95,36,52,17,113.45070980624614
55,95,37,54,17,116.69208732951276
55,95,37,54,14,96.43364194404664
55,95,30,58,16,108.54936211585824
55,95,34,52,22,146.3727651079297
55,95,33,53,15,98.58853594584403
55,95,34,54,16,107.32517799668275
55,95,31,56,18,121.46693447676968
55,95,39,52,16,108.52992139138038
55,95,33,52,19,125.90491293324614
55,95,34,55,13,90.26061074111414
55,95,34,54,29,233.01684734098848
55,95,35,51,16,102.35547210688225
55,95,30,58,16,105.16830576352464
55,95,39,52,15,102.05005458775395
55,95,83,33,36,254.65121090311564
55,95,82,38,18,115.12834469560939
55,95,81,34,20,133.093157540922
55,95,84,43,15,101.31943341750002
55,95,82,34,17,115.41057104155716
55,95,84,39,19,126.12143836715497
55,95,82,34,20,131.94846561743535
55,95,79,32,35,242.95413112529346
55,95,81,34,19,128.27681521141497
55,95,82,43,19,130.46943065802122
55,95,81,43,17,110.74183961115153
55,95,82,39,21,133.39484150616957
55,95,80,33,40,262.3346899503148
55,95,83,79,22,150.48909857042133
55,95,91,79,36,239.24358090754416
55,95,87,68,19,128.7123624633763
55,95,89,79,25,168.35429649377724
55,95,88,65,20,113.35585102087569
55,95,90,73,20,134.48993144299808
55,95,90,77,20,146.072543604209
55,95,88,79,22,138.41469528782133
55,95,86,76,19,126.80873682503712
55,95,90,76,22,151.76356219271835
55,95,88,73,22,140.4746073776465
55,95,91,66,21,141.9236688505015
55,95,91,75,20,136.61073626747086
55,95,87,73,23,156.44465260177546
55,95,88,77,23,142.90440779389172
55,95,91,81,22,149.71045067366066
55,95,88,67,18,123.42103397293977
55,95,86,75,26,175.63562283612436
55,95,90,71,20,131.1331032020437
55,95,89,70,25,167.79761236271378
55,95,89,70,19,128.7133558478853
55,95,91,77,23,150.85487488142695
55,95,89,80,25,162.07820825821247
55,95,91,73,19,136.64063422132836
55,95,87,80,22,149.2749576392296
55,95,63,39,30,185.41424635700608
55,95,61,36,31,205.02871211259597
55,95,63,37,31,213.24307485786912
55,95,63,38,25,170.25510610496573
55,95,63,34,22,143.10060996924847
55,95,62,36,40,253.10933761739216
55,95,62,35,25,178.43011169553404
55,95,63,35,26,155.83581783761414
55,95,62,38,30,173.12311888871116
55,95,63,34,24,165.39708151855345
55,95,64,35,32,212.4051917196089
55,95,63,34,28,194.42311708172414
55,95,66,35,33,219.61232208470398
55,95,66,38,27,181.93219135398206
55,95,64,34,25,186.45439764124765
55,95,67,38,31,200.68862742467573
55,95,63,35,27,210.9146447757351
55,95,88,97,10,55.77430623335629
55,95,83,97,9,50.17093221142262
55,95,88,94,9,51.13831835929993
55,95,85,95,9,56.18340675373572
55,95,86,94,8,47.62497684129461
55,95,80,95,7,39.25383051854155
55,95,88,98,9,52.401340064424254
55,95,83,96,7,42.00558054346693
55,95,81,93,28,188.56645956718378
55,95,86,96,8,46.87486394142488
55,95,87,98,8,48.38948320542347
55,95,82,98,8,41.398167969306186
55,95,80,95,7,38.47800492265162
65,95,41,80,14,93.35418839582262
65,95,35,77,21,146.4252043342039
65,95,37,75,27,182.3762144656027
65,95,37,77,10,61.82455990598524
65,95,39,80,37,255.4403995128746
65,95,38,78,27,172.3979068303794
65,95,36,77,11,70.41806092947543
65,95,34,76,32,202.72513454539725
65,95,38,73,22,155.79947600225935
65,95,36,72,28,192.18208270926985
65,95,37,70,31,186.34736063831969
65,95,38,79,11,67.80584850034236
65,95,33,69,16,92.259349270726
65,95,36,71,31,207.79733016819728
65,95,36,75,12,73.98706261124406
65,95,34,76,12,74.40748771958404
65,95,39,80,9,53.315157107009846
65,95,34,77,27,180.38422992701317
65,95,35,80,9,57.08814037276783
65,95,35,73,26,167.52595425540417
65,95,37,70,15,98.47940706974177
65,95,38,53,18,122.52625949019883
65,95,30,55,17,115.03478358900968
65,95,36,52,16,103.31459607761072
65,95,37,54,17,116.37661571572401
65,95,37,54,18,118.04680929487259
65,95,30,58,23,151.2039308104153
65,95,34,52,16,106.8315776501259
65,95,33,53,19,126.70411246489347
65,95,34,54,16,103.6040656885881
65,95,31,56,17,116.41517921061917
65,95,39,52,22,148.124589179194
65,95,33,52,18,120.62803405112061
65,95,34,55,16,108.7689167740988
65,95,34,54,16,109.5801145696752
65,95,35,51,15,103.18712292986864
65,95,30,58,28,191.66458236554374
65,95,39,52,14,93.61685304693461
65,95,83,33,31,197.21669823461426
65,95,82,38,29,197.26397154282796
65,95,81,34,21,144.56018679339886
65,95,84,43,16,105.71893365365312
65,95,82,34,30,207.44714167524813
65,95,84,39,17,111.99503027672857
65,95,82,34,20,135.40638119442914
65,95,79,32,19,128.75281755080977
65,95,81,34,20,135.13156482882528
65,95,82,43,15,99.88237705824487
65,95,81,43,20,124.98999387501637
65,95,82,39,18,111.42759018290725
65,95,80,33,36,244.20118445530147
65,95,83,79,14,80.32382589051831
65,95,91,79,22,151.98651905207782
65,95,87,68,23,131.32605169257235
65,95,89,79,19,141.13681061193307
65,95,88,65,20,137.22739430848833
65,95,90,73,23,151.72953440012793
65,95,90,77,12,79.28198981770625
65,95,88,79,21,143.9889547004699
65,95,86,76,23,158.4780146824353
65,95,90,76,48,334.2595382303102
65,95,88,73,21,151.10681825950329
65,95,91,66,18,141.73990023866816
65,95,91,75,22,142.4542359975586
65,95,87,73,21,142.2138700458383
65,95,88,77,21,136.98561142817846
65,95,91,81,21,145.4740594551495
65,95,88,67,19,130.35128317669438
65,95,86,75,22,152.11979915677466
65,95,90,71,13,84.34188217785746
65,95,89,70,22,128.18471303928936
65,95,89,70,21,139.75281670564212
65,95,91,77,27,159.4033789883119
65,95,89,80,23,155.58895888438676
65,95,91,73,25,165.45330643147673
65,95,87,80,21,143.06632417223625
65,95,63,39,28,199.7065824334785
65,95,61,36,39,260.74354562811516
65,95,63,37,21,142.37316532444603
65,95,63,38,29,184.64974031871026
65,95,63,34,27,183.61106843956009
65,95,62,36,25,171.79409767862055
65,95,62,35,26,144.66025596479008
65,95,63,35,22,153.26420612864393
65,95,62,38,30,214.092595317737
65,95,63,34,29,189.80952247321432
65,95,64,35,21,145.2852823033737
65,95,63,34,26,173.71384805871196
65,95,66,35,26,174.55475022119984
65,95,66,38,26,176.48399400386637
65,95,64,34,30,198.87283244208774
65,95,67,38,31,214.99370856625325
65,95,63,35,25,165.98805970180584
65,95,88,97,7,38.42280862276245
65,95,83,97,6,27.38631363393184
65,95,88,94,6,34.569559558717934
65,95,85,95,6,29.686400495065364
65,95,86,94,6,32.07173782633086
65,95,80,95,5,23.582636567895065
65,95,88,98,7,38.584650492368205
65,95,83,96,5,28.203969062912652
65,95,81,93,5,24.78584620840954
65,95,86,96,6,31.191028449221854
65,95,87,98,6,31.85694906278152
65,95,82,98,5,23.769974102419408
65,95,80,95,5,23.313023793660314
75,95,41,80,15,102.2481178339892
75,95,35,77,31,221.62419976635277
75,95,37,75,32,209.82046071139393
75,95,37,77,15,87.61454496913491
75,95,39,80,27,187.83457840850014
75,95,38,78,38,265.073573082315
75,95,36,77,30,212.3938354691119
75,95,34,76,28,193.11355162686422
75,95,38,73,13,86.14842630075003
75,95,36,72,22,153.43295212066627
75,95,37,70,18,92.52828195408419
75,95,38,79,29,208.60821026800338
75,95,33,69,25,167.39993484105972
75,95,36,71,27,186.4234271860689
75,95,36,75,34,231.13975181914202
75,95,34,76,35,245.13143896590393
75,95,39,80,27,186.13168420185565
75,95,34,77,30,203.24664510523658
75,95,35,80,15,82.4350109168131
75,95,35,73,35,238.4138178344404
75,95,37,70,32,210.4218454162441
75,95,38,53,18,114.0525064610634
75,95,30,55,26,178.928256113313
75,95,36,52,37,245.41473106370492
75,95,37,54,18,122.5630848316148
75,95,37,54,22,150.9599195498377
75,95,30,58,22,150.70971299181213
75,95,34,52,20,137.21082364442776
75,95,33,53,25,174.4437225322289
75,95,34,54,20,134.8628268247865
75,95,31,56,22,147.94565966704891
75,95,39,52,18,120.35832290710154
75,95,33,52,19,128.34228150291315
75,95,34,55,27,181.7968103034356
75,95,34,54,19,130.59207550782503
75,95,35,51,17,117.23553406256943
75,95,30,58,20,136.93329894478373
75,95,39,52,16,105.92507058694588
75,95,83,33,19,130.4451336311701
75,95,82,38,18,124.34742543027583
75,95,81,34,29,210.85161747319893
75,95,84,43,18,120.19849599528956
75,95,82,34,27,188.67609426193482
75,95,84,39,18,122.47246342775661
75,95,82,34,25,153.1282599673212
75,95,79,32,41,261.05953557267264
75,95,81,34,36,255.22928980131346
75,95,82,43,17,111.8129663844953
75,95,81,43,19,122.05976724926026
75,95,82,39,21,141.67375671253052
75,95,80,33,26,171.47679477539126
75,95,83,79,22,138.86786290777061
75,95,91,79,9,56.13340487271644
75,95,87,68,23,152.7985831106371
75,95,89,79,10,63.31847504825526
75,95,88,65,20,133.41864342375516
75,95,90,73,19,128.1808434097417
75,95,90,77,23,154.7937977711191
75,95,88,79,10,61.46805634995373
75,95,86,76,25,167.7096137552445
75,95,90,76,25,168.5950879366728
75,95,88,73,18,143.4608486341895
75,95,91,66,18,120.55968558311885
75,95,91,75,11,63.667913758416944
75,95,87,73,12,76.58296237951133
75,95,88,77,23,163.5533909037445
75,95,91,81,20,137.98269950341646
75,95,88,67,20,135.18967927390568
75,95,86,75,9,56.82552169403487
75,95,90,71,10,64.00119918372008
75,95,89,70,21,141.16352465277785
75,95,89,70,11,67.95138031879924
75,95,91,77,22,151.02484515816911
75,95,89,80,9,53.919656990135195
75,95,91,73,21,142.33884514312857
75,95,87,80,10,64.68802641126368
75,95,63,39,34,239.1867217069867
75,95,61,36,26,169.52022224266366
75,95,63,37,31,204.53352175481174
75,95,63,38,31,216.4219984408751
75,95,63,34,30,191.66274344350057
75,95,62,36,35,237.2150463723407
75,95,62,35,23,156.80775772816224
75,95,63,35,29,199.37416257638284
75,95,62,38,24,155.34712304000374
75,95,63,34,30,209.47117552390364
75,95,64,35,30,236.5586716809167
75,95,63,34,27,174.703594409388
75,95,66,35,26,171.23241715177227
75,95,66,38,25,173.93705471864982
75,95,64,34,29,198.23253439345177
75,95,67,38,22,153.64107525559405
75,95,63,35,21,144.84482414228071
75,95,88,97,4,20.9594465560279
75,95,83,97,3,11.965373611009527
75,95,88,94,4,19.62363546118347
75,95,85,95,4,18.29001540622824
75,95,86,94,4,17.348028407542156
75,95,80,95,3,9.782111540005447
75,95,88,98,4,18.487869459815037
75,95,83,96,3,13.612490539066354
75,95,81,93,4,16.17986754302431
75,95,86,96,4,16.5682850104704
75,95,87,98,4,18.07235373399685
75,95,82,98,3,11.170131382251995
75,95,80,95,3,10.750995208678535
85,95,41,80,18,118.85276011639003
85,95,35,77,15,102.11667625196284
85,95,37,75,33,227.17041616796826
85,95,37,77,34,225.32021197222505
85,95,39,80,15,97.91993183129021
85,95,38,78,37,249.60780710776626
85,95,36,77,15,101.10282280997829
85,95,34,76,28,183.73399485037012
85,95,38,73,25,175.37867163830182
85,95,36,72,16,104.33530991266373
85,95,37,70,30,218.87613277621358
85,95,38,79,34,224.4621548309618
85,95,33,69,37,255.08841158194798
85,95,36,71,36,241.16998294962698
85,95,36,75,34,239.04915320826805
85,95,34,76,19,126.61247504108081
85,95,39,80,36,243.26106447597854
85,95,34,77,47,311.0231967544792
85,95,35,80,36,244.57661360215752
85,95,35,73,39,272.41364050049214
85,95,37,70,31,213.213331786207
85,95,38,53,26,180.15645969314537
85,95,30,55,21,147.09675281195473
85,95,36,52,19,126.36560503937353
85,95,37,54,20,133.54424776941121
85,95,37,54,23,155.9690941191248
85,95,30,58,22,151.29531042433422
85,95,34,52,21,144.98303863261927
85,95,33,53,22,149.77423982060319
85,95,34,54,27,180.02195331170648
85,95,31,56,25,163.05709407541877
85,95,39,52,19,128.81511897996606
85,95,33,52,21,143.96951634260594
85,95,34,55,21,142.96472945281468
85,95,34,54,21,142.6978032997377
85,95,35,51,22,148.65947118021526
85,95,30,58,20,138.47215469530715
85,95,39,52,21,144.44147924064288
85,95,83,33,35,244.41933874285786
85,95,82,38,33,215.52710694197552
85,95,81,34,21,166.35077813236583
85,95,84,43,19,136.77951073778118
85,95,82,34,36,241.2103080026841
85,95,84,39,39,267.1473248836953
85,95,82,34,28,177.26619185953734
85,95,79,32,26,173.93534807439562
85,95,81,34,21,145.75416020546788
85,95,82,43,19,130.0473758747548
85,95,81,43,18,126.84789726315657
85,95,82,39,19,129.73441497525954
85,95,80,33,22,151.96987266857653
85,95,83,79,13,64.40702948975388
85,95,91,79,26,181.40480346990242
85,95,87,68,22,145.4299715912029
85,95,89,79,25,164.73889147372526
85,95,88,65,40,277.96511867275643
85,95,90,73,28,170.7581280462033
85,95,90,77,25,165.93106865156486
85,95,88,79,28,184.43225542701828
85,95,86,76,25,165.76341763031493
85,95,90,76,9,49.19905681965603
85,95,88,73,9,52.80805793444414
85,95,91,66,19,129.95860518246477
85,95,91,75,24,167.2347518204897
85,95,87,73,24,164.22995119145543
85,95,88,77,25,170.77059251882588
85,95,91,81,23,155.26748708159096
85,95,88,67,22,147.3278130507392
85,95,86,75,24,162.14425481149178
85,95,90,71,10,59.59656042351102
85,95,89,70,8,46.97473138648241
85,95,89,70,25,159.38753831357988
85,95,91,77,26,174.80396725388553
85,95,89,80,25,172.02413530218055
85,95,91,73,24,164.2602699614415
85,95,87,80,9,46.63812746920173
85,95,63,39,34,236.10474033800526
85,95,61,36,37,242.27299305712188
85,95,63,37,38,236.99666259492565
85,95,63,38,26,176.47866780735697
85,95,63,34,26,176.3546587782223
85,95,62,36,28,193.30193228621715
85,95,62,35,24,166.48059649309639
85,95,63,35,31,206.52690280024493
85,95,62,38,34,222.1139973578989
85,95,63,34,33,215.89930959403102
85,95,64,35,42,292.3107598660354
85,95,63,34,29,202.5547547849195
85,95,66,35,28,192.58511007633973
85,95,66,38,29,198.22370089352955
85,95,64,34,31,196.48123934628578
85,95,67,38,29,199.9553829392268
85,95,63,35,27,188.10654870532542
85,95,88,97,3,13.291632180606173
85,95,83,97,3,13.540798650871514
85,95,88,94,3,10.347023488489931
85,95,85,95,0,0.0
85,95,86,94,3,13.129134854260986
85,95,80,95,3,10.198510599249037
85,95,88,98,3,8.611669020535906
85,95,83,96,3,11.60904251012619
85,95,81,93,3,8.763692780892407
85,95,86,96,3,13.342828969001737
85,95,87,98,3,11.81358700152849
85,95,82,98,4,16.23947208948943
85,95,80,95,3,10.07291710662765
95,95,41,80,42,263.7124872212074
95,95,35,77,17,107.79212440976269
95,95,37,75,23,142.19538262682536
95,95,37,77,32,218.34310627967773
95,95,39,80,36,240.05324394052812
95,95,38,78,39,254.90397105550986
95,95,36,77,33,219.3874944567607
95,95,34,76,18,125.28913314113515
95,95,38,73,41,251.6721764851473
95,95,36,72,31,215.04754267453512
95,95,37,70,27,191.19481459272566
95,95,38,79,33,226.7539100823431
95,95,33,69,24,168.8985304657356
95,95,36,71,28,195.85147504403062
95,95,36,75,17,111.93014593497979
95,95,34,76,36,254.6070725062429
95,95,39,80,47,338.45046636952094
95,95,34,77,22,141.0788963572712
95,95,35,80,37,259.18870371808913
95,95,35,73,38,242.757406059984
95,95,37,70,19,123.59555786121894
95,95,38,53,21,145.5531142105786
95,95,30,55,24,163.5196292102705
95,95,36,52,32,216.46334027352742
95,95,37,54,22,151.16779741865903
95,95,37,54,23,155.35514882669978
95,95,30,58,24,167.2055517127202
95,95,34,52,23,153.1190447430554
95,95,33,53,23,159.56484782586926
95,95,34,54,34,214.75773237445213
95,95,31,56,32,216.09857538084643
95,95,39,52,22,150.2938867120077
95,95,33,52,24,154.08097161804213
95,95,34,55,23,161.37107288600578
95,95,34,54,33,228.4706685815746
95,95,35,51,31,201.6712057931653
95,95,30,58,22,158.1814879532562
95,95,39,52,20,139.8909020558726
95,95,83,33,23,158.39504066928237
95,95,82,38,14,92.65660849326338
95,95,81,34,24,162.9931112653794
95,95,84,43,13,82.78048364315242
95,95,82,34,32,222.6552678216284
95,95,84,39,14,90.9329476656144
95,95,82,34,17,113.1775575962023
95,95,79,32,25,172.76496970423796
95,95,81,34,15,102.70050581021928
95,95,82,43,14,91.29656664093663
95,95,81,43,13,87.11723281888807
95,95,82,39,16,108.24280036468926
95,95,80,33,18,107.30292344683889
95,95,83,79,6,33.66392069423153
95,95,91,79,5,27.277719237738538
95,95,87,68,9,52.774593644320575
95,95,89,79,5,28.077672784184408
95,95,88,65,8,48.89233424815933
95,95,90,73,6,36.46262472121745
95,95,90,77,5,29.090117123190264
95,95,88,79,5,27.919324796653576
95,95,86,76,6,35.0226226199268
95,95,90,76,6,32.478348206421884
95,95,88,73,6,35.3174377011972
95,95,91,66,8,49.35203289803151
95,95,91,75,6,35.23124367596493
95,95,87,73,7,39.81042055589121
95,95,88,77,9,57.669636959716
95,95,91,81,4,22.96964960041994
95,95,88,67,9,54.820683251035135
95,95,86,75,7,40.44561242632842
95,95,90,71,7,42.91239424622378
95,95,89,70,8,45.28051748645571
95,95,89,70,7,42.938423520070515
95,95,91,77,6,36.35126698703919
95,95,89,80,5,26.752613259457927
95,95,91,73,7,41.815180560278286
95,95,87,80,5,28.485942220337417
95,95,63,39,29,214.94617789347566
95,95,61,36,34,225.3121855706969
95,95,63,37,25,162.4731056259256
95,95,63,38,26,181.23733158119674
95,95,63,34,22,151.0974930396188
95,95,62,36,22,139.1647593780627
95,95,62,35,22,151.96215406169713
95,95,63,35,31,209.84870119295658
95,95,62,38,33,218.95893395065949
95,95,63,34,20,137.2017721000419
95,95,64,35,21,147.15037927298843
95,95,63,34,25,162.9604185633534
95,95,66,35,26,176.2051096045946
95,95,66,38,22,148.73924103860784
95,95,64,34,29,194.69343897041495
95,95,67,38,19,131.41158679541354
95,95,63,35,23,154.28133953743804
95,95,88,97,4,21.583893675294874
95,95,83,97,4,20.39722875292428
95,95,88,94,3,10.809887376071456
95,95,85,95,4,16.178794660645657
95,95,86,94,4,17.032675988804304
95,95,80,95,5,27.373173201471527
95,95,88,98,3,10.961351699331782
95,95,83,96,4,20.868720165160664
95,95,81,93,4,21.166439735994132
95,95,86,96,4,20.002688990521214
95,95,87,98,3,9.69921705081082
95,95,82,98,6,29.195126654951668
95,95,80,95,5,25.124582003464354
