Start_X,Start_Y,Goal_X,Goal_Y,Path_Length,Traversability_Cost
25,25,38,75,0,51.66236541235796
25,25,40,80,0,57.0087712549569
25,25,39,79,0,55.78530272392541
25,25,34,74,0,49.8196748283246
25,25,33,77,0,52.61178575186362
25,25,36,78,0,54.12947441089743
25,25,38,79,0,55.54277630799526
25,25,33,71,0,46.69047011971501
25,25,33,75,0,50.635955604688654
25,25,35,77,0,52.952809179494906
25,25,37,74,0,50.44799302251776
25,25,38,71,0,47.80167361086848
25,25,38,79,0,55.54277630799526
25,25,36,74,0,50.21951811795888
25,25,33,55,0,31.04834939252005
25,25,31,55,0,30.59411708155671
25,25,37,52,0,29.546573405388315
25,25,32,54,0,29.832867780352597
25,25,30,55,0,30.4138126514911
25,25,37,52,0,29.546573405388315
25,25,30,51,0,26.476404589747453
25,25,35,54,0,30.675723300355934
25,25,39,51,0,29.5296461204668
25,25,30,56,0,31.400636936215164
25,25,36,52,0,29.154759474226502
25,25,34,50,0,26.570660511172846
25,25,33,50,0,26.248809496813376
25,25,39,53,0,31.304951684997057
25,25,31,51,0,26.68332812825267
25,25,30,56,0,31.400636936215164
25,25,39,52,0,30.4138126514911
25,25,33,50,0,26.248809496813376
25,25,34,52,0,28.460498941515414
25,25,39,53,0,31.304951684997057
25,25,30,54,0,29.427877939124322
25,25,82,39,0,58.69412236331676
25,25,84,43,0,61.68468205316454
25,25,82,41,0,59.20304046246274
25,25,84,40,0,60.876925020897694
25,25,82,41,0,59.20304046246274
25,25,84,38,0,60.41522986797286
25,25,84,34,0,59.682493245507096
25,25,84,42,0,61.40032573203501
25,25,81,32,0,56.43580423808985
25,25,82,34,0,57.706152185014034
25,25,84,41,0,61.1310068623117
25,25,84,41,0,61.1310068623117
25,25,83,41,0,60.166435825965294
25,25,84,41,0,61.1310068623117
25,25,83,41,0,60.166435825965294
25,25,83,72,0,74.65252842335616
25,25,82,78,0,77.83315488916018
25,25,86,77,0,80.15609770940699
25,25,85,77,0,79.39773296511683
25,25,82,79,0,78.5175139698144
25,25,83,77,0,77.89736837660179
25,25,87,80,0,82.87943049997388
25,25,83,77,0,77.89736837660179
25,25,91,67,0,78.23042886243178
25,25,90,66,0,76.8505042273634
25,25,91,73,0,81.60882305241266
25,25,91,79,0,85.27602242131137
25,25,90,78,0,83.86894538504703
25,25,91,66,0,77.69813382572325
25,25,83,78,0,78.56844150166147
25,25,88,69,0,76.84399781375251
25,25,91,73,0,81.60882305241266
25,25,85,75,0,78.10249675906654
25,25,91,75,0,82.80096617793781
25,25,86,65,0,72.94518489934754
25,25,91,77,0,84.02380615040002
25,25,91,81,0,86.55634003352961
25,25,82,77,0,77.15568676384133
25,25,87,72,0,77.80102827083971
25,25,88,70,0,77.42092740338364
25,25,91,79,0,85.27602242131137
25,25,85,72,0,76.21679604916491
25,25,64,34,0,40.024992192379
25,25,65,35,0,41.23105625617661
25,25,64,39,0,41.43669871020132
25,25,65,34,0,41.0
25,25,67,39,0,44.27188724235731
25,25,68,39,0,45.221676218380054
25,25,60,35,0,36.40054944640259
25,25,66,34,0,41.97618372363071
25,25,63,37,0,39.84971769034255
25,25,62,39,0,39.56008088970496
25,25,67,37,0,43.68065933568311
25,25,65,38,0,42.05948168962618
25,25,63,35,0,39.293765408777
25,25,66,39,0,43.32435804486894
25,25,61,34,0,37.107950630558946
25,25,62,37,0,38.897300677553446
25,25,63,39,0,40.496913462633174
25,25,63,34,0,39.05124837953327
25,25,63,35,0,39.293765408777
25,25,81,93,0,88.09086218218096
25,25,80,95,0,89.02246907382428
25,25,86,94,0,92.09777413162601
25,25,88,99,0,97.18538984847466
25,25,82,93,0,88.72992730753249
25,25,81,99,0,92.80086206496145
25,25,80,96,0,89.81091247727082
25,25,85,96,0,92.9569792968769
25,25,87,99,0,96.54014708917737
35,25,38,75,0,50.08991914547278
35,25,40,80,0,55.226805085936306
35,25,39,79,0,54.147945482723536
35,25,34,74,0,49.01020301937138
35,25,33,77,0,52.03844732503075
35,25,36,78,0,53.009433122794285
35,25,38,79,0,54.08326913195984
35,25,33,71,0,46.04345773288535
35,25,33,75,0,50.039984012787215
35,25,35,77,0,52.0
35,25,37,74,0,49.040799340956916
35,25,38,71,0,46.09772228646444
35,25,38,79,0,54.08326913195984
35,25,36,74,0,49.01020301937138
35,25,33,55,0,30.066592756745816
35,25,31,55,0,30.265491900843113
35,25,37,52,0,27.073972741361768
35,25,32,54,0,29.154759474226502
35,25,30,55,0,30.4138126514911
35,25,37,52,0,27.073972741361768
35,25,30,51,0,26.476404589747453
35,25,35,54,0,29.0
35,25,39,51,0,26.30589287593181
35,25,30,56,0,31.400636936215164
35,25,36,52,0,27.018512172212592
35,25,34,50,0,25.019992006393608
35,25,33,50,0,25.079872407968907
35,25,39,53,0,28.284271247461902
35,25,31,51,0,26.30589287593181
35,25,30,56,0,31.400636936215164
35,25,39,52,0,27.294688127912362
35,25,33,50,0,25.079872407968907
35,25,34,52,0,27.018512172212592
35,25,39,53,0,28.284271247461902
35,25,30,54,0,29.427877939124322
35,25,82,39,0,49.040799340956916
35,25,84,43,0,52.20153254455275
35,25,82,41,0,49.64876634922564
35,25,84,40,0,51.24451190127583
35,25,82,41,0,49.64876634922564
35,25,84,38,0,50.695167422546305
35,25,84,34,0,49.8196748283246
35,25,84,42,0,51.86520991955976
35,25,81,32,0,46.52956049652737
35,25,82,34,0,47.853944456021594
35,25,84,41,0,51.54609587543949
35,25,84,41,0,51.54609587543949
35,25,83,41,0,50.59644256269407
35,25,84,41,0,51.54609587543949
35,25,83,41,0,50.59644256269407
35,25,83,72,0,67.17886572427373
35,25,82,78,0,70.83784299369935
35,25,86,77,0,72.83543093852057
35,25,85,77,0,72.13875518748573
35,25,82,79,0,71.58910531638176
35,25,83,77,0,70.76722405181653
35,25,87,80,0,75.69015788066504
35,25,83,77,0,70.76722405181653
35,25,91,67,0,70.0
35,25,90,66,0,68.60029154456998
35,25,91,73,0,73.7563556583431
35,25,91,79,0,77.79460135510689
35,25,90,78,0,76.38062581571324
35,25,91,66,0,69.40461079784254
35,25,83,78,0,71.50524456289902
35,25,88,69,0,68.8839603971781
35,25,91,73,0,73.7563556583431
35,25,85,75,0,70.71067811865476
35,25,91,75,0,75.07329751649384
35,25,86,65,0,64.81512169239521
35,25,91,77,0,76.4198926981712
35,25,91,81,0,79.19595949289332
35,25,82,77,0,70.09279563550022
35,25,87,72,0,70.09279563550022
35,25,88,70,0,69.52697318307479
35,25,91,79,0,77.79460135510689
35,25,85,72,0,68.62215385719105
35,25,64,34,0,30.364452901377952
35,25,65,35,0,31.622776601683793
35,25,64,39,0,32.202484376209235
35,25,65,34,0,31.32091952673165
35,25,67,39,0,34.92849839314596
35,25,68,39,0,35.84689665786984
35,25,60,35,0,26.92582403567252
35,25,66,34,0,32.28002478313795
35,25,63,37,0,30.463092423455635
35,25,62,39,0,30.4138126514911
35,25,67,37,0,34.17601498127012
35,25,65,38,0,32.69556544854363
35,25,63,35,0,29.732137494637012
35,25,66,39,0,34.0147027033899
35,25,61,34,0,27.51363298439521
35,25,62,37,0,29.546573405388315
35,25,63,39,0,31.304951684997057
35,25,63,34,0,29.410882339705484
35,25,63,35,0,29.732137494637012
35,25,81,93,0,82.09750300709517
35,25,80,95,0,83.21658488546619
35,25,86,94,0,85.80209787645055
35,25,88,99,0,91.02197536858887
35,25,82,93,0,82.66196223173026
35,25,81,99,0,87.13208364316786
35,25,80,96,0,84.05950273467003
35,25,85,96,0,86.83893136145792
35,25,87,99,0,90.44335243676011
45,25,38,75,0,50.48762224545735
45,25,40,80,0,55.226805085936306
45,25,39,79,0,54.3323108288245
45,25,34,74,0,50.21951811795888
45,25,33,77,0,53.36665625650534
45,25,36,78,0,53.75872022286245
45,25,38,79,0,54.45181356024793
45,25,33,71,0,47.53945729601885
45,25,33,75,0,51.419840528729765
45,25,35,77,0,52.952809179494906
45,25,37,74,0,49.64876634922564
45,25,38,71,0,46.52956049652737
45,25,38,79,0,54.45181356024793
45,25,36,74,0,49.8196748283246
45,25,33,55,0,32.31098884280702
45,25,31,55,0,33.1058907144937
45,25,37,52,0,28.160255680657446
45,25,32,54,0,31.78049716414141
45,25,30,55,0,33.54101966249684
45,25,37,52,0,28.160255680657446
45,25,30,51,0,30.01666203960727
45,25,35,54,0,30.675723300355934
45,25,39,51,0,26.68332812825267
45,25,30,56,0,34.438350715445125
45,25,36,52,0,28.460498941515414
45,25,34,50,0,27.313000567495326
45,25,33,50,0,27.730849247724095
45,25,39,53,0,28.635642126552707
45,25,31,51,0,29.5296461204668
45,25,30,56,0,34.438350715445125
45,25,39,52,0,27.65863337187866
45,25,33,50,0,27.730849247724095
45,25,34,52,0,29.154759474226502
45,25,39,53,0,28.635642126552707
45,25,30,54,0,32.64965543462902
45,25,82,39,0,39.56008088970496
45,25,84,43,0,42.95346318982906
45,25,82,41,0,40.311288741492746
45,25,84,40,0,41.78516483155236
45,25,82,41,0,40.311288741492746
45,25,84,38,0,41.10960958218893
45,25,84,34,0,40.024992192379
45,25,84,42,0,42.5440947723653
45,25,81,32,0,36.6742416417845
45,25,82,34,0,38.07886552931954
45,25,84,41,0,42.15447781671598
45,25,84,41,0,42.15447781671598
45,25,83,41,0,41.23105625617661
45,25,84,41,0,42.15447781671598
45,25,83,41,0,41.23105625617661
45,25,83,72,0,60.440052945046304
45,25,82,78,0,64.63745044476924
45,25,86,77,0,66.21933252457322
45,25,85,77,0,65.60487786742691
45,25,82,79,0,65.45991139621256
45,25,83,77,0,64.40496875241847
45,25,87,80,0,69.20260110718382
45,25,83,77,0,64.40496875241847
45,25,91,67,0,62.289646009589745
45,25,90,66,0,60.876925020897694
45,25,91,73,0,66.48308055437865
45,25,91,79,0,70.9365914038728
45,25,90,78,0,69.52697318307479
45,25,91,66,0,61.61980201201558
45,25,83,78,0,65.21502894272147
45,25,88,69,0,61.5223536610881
45,25,91,73,0,66.48308055437865
45,25,85,75,0,64.03124237432849
45,25,91,75,0,67.94115100585212
45,25,86,65,0,57.28001396647874
45,25,91,77,0,69.42621983083913
45,25,91,81,0,72.47068372797375
45,25,82,77,0,63.8200595424354
45,25,87,72,0,63.0317380372777
45,25,88,70,0,62.24146527838174
45,25,91,79,0,70.9365914038728
45,25,85,72,0,61.71709649683789
45,25,64,34,0,21.02379604162864
45,25,65,35,0,22.360679774997898
45,25,64,39,0,23.600847442411894
45,25,65,34,0,21.93171219946131
45,25,67,39,0,26.076809620810597
45,25,68,39,0,26.92582403567252
45,25,60,35,0,18.027756377319946
45,25,66,34,0,22.847319317591726
45,25,63,37,0,21.633307652783937
45,25,62,39,0,22.02271554554524
45,25,67,37,0,25.059928172283335
45,25,65,38,0,23.853720883753127
45,25,63,35,0,20.591260281974
45,25,66,39,0,25.238858928247925
45,25,61,34,0,18.35755975068582
45,25,62,37,0,20.808652046684813
45,25,63,39,0,22.80350850198276
45,25,63,34,0,20.12461179749811
45,25,63,35,0,20.591260281974
45,25,81,93,0,76.94153624668537
45,25,80,95,0,78.26237921249263
45,25,86,94,0,80.26207074328447
45,25,88,99,0,85.58621384311844
45,25,82,93,0,77.41446893184762
45,25,81,99,0,82.29216244576394
45,25,80,96,0,79.1580697086532
45,25,85,96,0,81.49233092751734
45,25,87,99,0,85.0881895447306
55,25,38,75,0,52.81098370604357
55,25,40,80,0,57.0087712549569
55,25,39,79,0,56.32051136131489
55,25,34,74,0,53.31041174104736
55,25,33,77,0,56.462376853972415
55,25,36,78,0,56.302753041036986
55,25,38,79,0,56.61271941887264
55,25,33,71,0,50.99019513592785
55,25,33,75,0,54.62600113499065
55,25,35,77,0,55.71355310873648
55,25,37,74,0,52.20153254455275
55,25,38,71,0,49.040799340956916
55,25,38,79,0,56.61271941887264
55,25,36,74,0,52.55473337388365
55,25,33,55,0,37.20215047547655
55,25,31,55,0,38.41874542459709
55,25,37,52,0,32.449961479175904
55,25,32,54,0,37.013511046643494
55,25,30,55,0,39.05124837953327
55,25,37,52,0,32.449961479175904
55,25,30,51,0,36.069377593742864
55,25,35,54,0,35.22782990761707
55,25,39,51,0,30.528675044947494
55,25,30,56,0,39.824615503479755
55,25,36,52,0,33.015148038438355
55,25,34,50,0,32.64965543462902
55,25,33,50,0,33.301651610693426
55,25,39,53,0,32.2490309931942
55,25,31,51,0,35.38361202590826
55,25,30,56,0,39.824615503479755
55,25,39,52,0,31.38470965295043
55,25,33,50,0,33.301651610693426
55,25,34,52,0,34.20526275297414
55,25,39,53,0,32.2490309931942
55,25,30,54,0,38.28837943815329
55,25,82,39,0,30.4138126514911
55,25,84,43,0,34.132096331752024
55,25,82,41,0,31.38470965295043
55,25,84,40,0,32.64965543462902
55,25,82,41,0,31.38470965295043
55,25,84,38,0,31.78049716414141
55,25,84,34,0,30.364452901377952
55,25,84,42,0,33.61547262794322
55,25,81,32,0,26.92582403567252
55,25,82,34,0,28.460498941515414
55,25,84,41,0,33.12099032335839
55,25,84,41,0,33.12099032335839
55,25,83,41,0,32.2490309931942
55,25,84,41,0,33.12099032335839
55,25,83,41,0,32.2490309931942
55,25,83,72,0,54.70831746635972
55,25,82,78,0,59.481089431852205
55,25,86,77,0,60.53924347066124
55,25,85,77,0,60.03332407921454
55,25,82,79,0,60.37383539249432
55,25,83,77,0,59.0592922409336
55,25,87,80,0,63.631753079732135
55,25,83,77,0,59.0592922409336
55,25,91,67,0,55.31726674375732
55,25,90,66,0,53.907327887774215
55,25,91,73,0,60.0
55,25,91,79,0,64.89992295835181
55,25,90,78,0,63.51377803280167
55,25,91,66,0,54.56189146281496
55,25,83,78,0,59.941638282582836
55,25,88,69,0,55.0
55,25,91,73,0,60.0
55,25,85,75,0,58.309518948453004
55,25,91,75,0,61.61168720299745
55,25,86,65,0,50.60632371551998
55,25,91,77,0,63.245553203367585
55,25,91,81,0,66.57326790837296
55,25,82,77,0,58.59180830116101
55,25,87,72,0,56.859475903318
55,25,88,70,0,55.80322571321482
55,25,91,79,0,64.89992295835181
55,25,85,72,0,55.758407437802596
55,25,64,34,0,12.727922061357855
55,25,65,35,0,14.142135623730951
55,25,64,39,0,16.64331697709324
55,25,65,34,0,13.45362404707371
55,25,67,39,0,18.439088914585774
55,25,68,39,0,19.1049731745428
55,25,60,35,0,11.180339887498949
55,25,66,34,0,14.212670403551895
55,25,63,37,0,14.422205101855956
55,25,62,39,0,15.652475842498529
55,25,67,37,0,16.97056274847714
55,25,65,38,0,16.401219466856727
55,25,63,35,0,12.806248474865697
55,25,66,39,0,17.804493814764857
55,25,61,34,0,10.816653826391969
55,25,62,37,0,13.892443989449804
55,25,63,39,0,16.1245154965971
55,25,63,34,0,12.041594578792296
55,25,63,35,0,12.806248474865697
55,25,81,93,0,72.80109889280519
55,25,80,95,0,74.33034373659252
55,25,86,94,0,75.64390259630977
55,25,88,99,0,81.02468759581859
55,25,82,93,0,73.16419889536138
55,25,81,99,0,78.43468620451031
55,25,80,96,0,75.27283706623525
55,25,85,96,0,77.07788269017254
55,25,87,99,0,80.62257748298549
65,25,38,75,0,56.824290580701486
65,25,40,80,0,60.41522986797286
65,25,39,79,0,59.93329625508679
65,25,34,74,0,57.982756057296896
65,25,33,77,0,61.05735008989499
65,25,36,78,0,60.41522986797286
65,25,38,79,0,60.37383539249432
65,25,33,71,0,56.0357029044876
65,25,33,75,0,59.36328831862332
65,25,35,77,0,60.03332407921454
65,25,37,74,0,56.43580423808985
65,25,38,71,0,53.33854141237835
65,25,38,79,0,60.37383539249432
65,25,36,74,0,56.938563381947034
65,25,33,55,0,43.86342439892262
65,25,31,55,0,45.34313619501854
65,25,37,52,0,38.897300677553446
65,25,32,54,0,43.93176527297759
65,25,30,55,0,46.09772228646444
65,25,37,52,0,38.897300677553446
65,25,30,51,0,43.60045871318328
65,25,35,54,0,41.72529209005013
65,25,39,51,0,36.76955262170047
65,25,30,56,0,46.75467891024384
65,25,36,52,0,39.6232255123179
65,25,34,50,0,39.824615503479755
65,25,33,50,0,40.607881008493905
65,25,39,53,0,38.2099463490856
65,25,31,51,0,42.80186911806539
65,25,30,56,0,46.75467891024384
65,25,39,52,0,37.48332962798263
65,25,33,50,0,40.607881008493905
65,25,34,52,0,41.10960958218893
65,25,39,53,0,38.2099463490856
65,25,30,54,0,45.45327270945405
65,25,82,39,0,22.02271554554524
65,25,84,43,0,26.1725046566048
65,25,82,41,0,23.345235059857504
65,25,84,40,0,24.20743687382041
65,25,82,41,0,23.345235059857504
65,25,84,38,0,23.021728866442675
65,25,84,34,0,21.02379604162864
65,25,84,42,0,25.495097567963924
65,25,81,32,0,17.46424919657298
65,25,82,34,0,19.235384061671343
65,25,84,41,0,24.839484696748443
65,25,84,41,0,24.839484696748443
65,25,83,41,0,24.08318915758459
65,25,84,41,0,24.839484696748443
65,25,83,41,0,24.08318915758459
65,25,83,72,0,50.32891812864648
65,25,82,78,0,55.65968020030299
65,25,86,77,0,56.08029957123981
65,25,85,77,0,55.71355310873648
65,25,82,79,0,56.61271941887264
65,25,83,77,0,55.02726596879042
65,25,87,80,0,59.23681287847955
65,25,83,77,0,55.02726596879042
65,25,91,67,0,49.39635614091387
65,25,90,66,0,48.02082881417188
65,25,91,73,0,54.589376255824725
65,25,91,79,0,59.93329625508679
65,25,90,78,0,58.60034129593445
65,25,91,66,0,48.54894437575342
65,25,83,78,0,55.97320787662612
65,25,88,69,0,49.64876634922564
65,25,91,73,0,54.589376255824725
65,25,85,75,0,53.85164807134504
65,25,91,75,0,56.356011214421486
65,25,86,65,0,45.17742799230607
65,25,91,77,0,58.137767414994535
65,25,91,81,0,61.741396161732524
65,25,82,77,0,54.70831746635972
65,25,87,72,0,51.894122981316485
65,25,88,70,0,50.53711507397311
65,25,91,79,0,59.93329625508679
65,25,85,72,0,51.07837115648854
65,25,64,34,0,9.055385138137417
65,25,65,35,0,10.0
65,25,64,39,0,14.035668847618199
65,25,65,34,0,9.0
65,25,67,39,0,14.142135623730951
65,25,68,39,0,14.317821063276353
65,25,60,35,0,11.180339887498949
65,25,66,34,0,9.055385138137417
65,25,63,37,0,12.165525060596439
65,25,62,39,0,14.317821063276353
65,25,67,37,0,12.165525060596439
65,25,65,38,0,13.0
65,25,63,35,0,10.198039027185569
65,25,66,39,0,14.035668847618199
65,25,61,34,0,9.848857801796104
65,25,62,37,0,12.36931687685298
65,25,63,39,0,14.142135623730951
65,25,63,34,0,9.219544457292887
65,25,63,35,0,10.198039027185569
65,25,81,93,0,69.85699678629192
65,25,80,95,0,71.58910531638176
65,25,86,94,0,72.12489168102785
65,25,88,99,0,77.4919350642375
65,25,82,93,0,70.09279563550022
65,25,81,99,0,75.7099729229908
65,25,80,96,0,72.56721022610694
65,25,85,96,0,73.76313442364011
65,25,87,99,0,77.20103626247513
75,25,38,75,0,62.20128616033595
75,25,40,80,0,65.19202405202648
75,25,39,79,0,64.89992295835181
75,25,34,74,0,63.89053137985315
75,25,33,77,0,66.84309986827361
75,25,36,78,0,65.80273550544841
75,25,38,79,0,65.45991139621256
75,25,33,71,0,62.289646009589745
75,25,33,75,0,65.29931086925804
75,25,35,77,0,65.60487786742691
75,25,37,74,0,62.00806399170998
75,25,38,71,0,59.033888572581766
75,25,38,79,0,65.45991139621256
75,25,36,74,0,62.625873247404705
75,25,33,55,0,51.61395160225576
75,25,31,55,0,53.25410782277739
75,25,37,52,0,46.61544808322666
75,25,32,54,0,51.86520991955976
75,25,30,55,0,54.08326913195984
75,25,37,52,0,46.61544808322666
75,25,30,51,0,51.97114584074513
75,25,35,54,0,49.4064773081425
75,25,39,51,0,44.40720662234904
75,25,30,56,0,54.644304369257
75,25,36,52,0,47.43416490252569
75,25,34,50,0,48.02082881417188
75,25,33,50,0,48.877397639399746
75,25,39,53,0,45.60701700396552
75,25,31,51,0,51.10772935672255
75,25,30,56,0,54.644304369257
75,25,39,52,0,45.0
75,25,33,50,0,48.877397639399746
75,25,34,52,0,49.09175083453431
75,25,39,53,0,45.60701700396552
75,25,30,54,0,53.53503525729669
75,25,82,39,0,15.652475842498529
75,25,84,43,0,20.12461179749811
75,25,82,41,0,17.46424919657298
75,25,84,40,0,17.4928556845359
75,25,82,41,0,17.46424919657298
75,25,84,38,0,15.811388300841896
75,25,84,34,0,12.727922061357855
75,25,84,42,0,19.235384061671343
75,25,81,32,0,9.219544457292887
75,25,82,34,0,11.40175425099138
75,25,84,41,0,18.35755975068582
75,25,84,41,0,18.35755975068582
75,25,83,41,0,17.88854381999832
75,25,84,41,0,18.35755975068582
75,25,83,41,0,17.88854381999832
75,25,83,72,0,47.67598976424087
75,25,82,78,0,53.46026561849464
75,25,86,77,0,53.150729063673246
75,25,85,77,0,52.952809179494906
75,25,82,79,0,54.45181356024793
75,25,83,77,0,52.61178575186362
75,25,87,80,0,56.293871780150276
75,25,83,77,0,52.61178575186362
75,25,91,67,0,44.94441010848846
75,25,90,66,0,43.657759905886145
75,25,91,73,0,50.59644256269407
75,25,91,79,0,56.32051136131489
75,25,90,78,0,55.08175741568164
75,25,91,66,0,44.01136216933077
75,25,83,78,0,53.600373133029585
75,25,88,69,0,45.880278987817846
75,25,91,73,0,50.59644256269407
75,25,85,75,0,50.99019513592785
75,25,91,75,0,52.49761899362675
75,25,86,65,0,41.48493702538308
75,25,91,77,0,54.405882034941776
75,25,91,81,0,58.240879114244144
75,25,82,77,0,52.46903848937962
75,25,87,72,0,48.507731342539614
75,25,88,70,0,46.84015371452148
75,25,91,79,0,56.32051136131489
75,25,85,72,0,48.05205510693585
75,25,64,34,0,14.212670403551895
75,25,65,35,0,14.142135623730951
75,25,64,39,0,17.804493814764857
75,25,65,34,0,13.45362404707371
75,25,67,39,0,16.1245154965971
75,25,68,39,0,15.652475842498529
75,25,60,35,0,18.027756377319946
75,25,66,34,0,12.727922061357855
75,25,63,37,0,16.97056274847714
75,25,62,39,0,19.1049731745428
75,25,67,37,0,14.422205101855956
75,25,65,38,0,16.401219466856727
75,25,63,35,0,15.620499351813308
75,25,66,39,0,16.64331697709324
75,25,61,34,0,16.64331697709324
75,25,62,37,0,17.69180601295413
75,25,63,39,0,18.439088914585774
75,25,63,34,0,15.0
75,25,63,35,0,15.620499351813308
75,25,81,93,0,68.26419266350405
75,25,80,95,0,70.178344238091
75,25,86,94,0,69.87131027825369
75,25,88,99,0,75.13321502504735
75,25,82,93,0,68.3593446428504
75,25,81,99,0,74.24284477308234
75,25,80,96,0,71.17583859709698
75,25,85,96,0,71.7007670809734
75,25,87,99,0,74.96665925596525
85,25,38,75,0,68.62215385719105
85,25,40,80,0,71.06335201775947
85,25,39,79,0,70.9365914038728
85,25,34,74,0,70.7248188403477
85,25,33,77,0,73.53910524340094
85,25,36,78,0,72.18032973047436
85,25,38,79,0,71.58910531638176
85,25,33,71,0,69.42621983083913
85,25,33,75,0,72.13875518748573
85,25,35,77,0,72.13875518748573
85,25,37,74,0,68.59300255857006
85,25,38,71,0,65.76473218982953
85,25,38,79,0,71.58910531638176
85,25,36,74,0,69.29646455628166
85,25,33,55,0,60.03332407921454
85,25,31,55,0,61.773780845922005
85,25,37,52,0,55.072679252057455
85,25,32,54,0,60.41522986797286
85,25,30,55,0,62.64982043070834
85,25,37,52,0,55.072679252057455
85,25,30,51,0,60.83584469702052
85,25,35,54,0,57.8013840664737
85,25,39,51,0,52.839379254491625
85,25,30,56,0,63.13477647065839
85,25,36,52,0,55.94640292279746
85,25,34,50,0,56.79788728465171
85,25,33,50,0,57.697486947006624
85,25,39,53,0,53.85164807134504
85,25,31,51,0,59.93329625508679
85,25,30,56,0,63.13477647065839
85,25,39,52,0,53.33854141237835
85,25,33,50,0,57.697486947006624
85,25,34,52,0,57.706152185014034
85,25,39,53,0,53.85164807134504
85,25,30,54,0,62.177166226839255
85,25,82,39,0,14.317821063276353
85,25,84,43,0,18.027756377319946
85,25,82,41,0,16.278820596099706
85,25,84,40,0,15.033296378372908
85,25,82,41,0,16.278820596099706
85,25,84,38,0,13.038404810405298
85,25,84,34,0,9.055385138137417
85,25,84,42,0,17.029386365926403
85,25,81,32,0,8.06225774829855
85,25,82,34,0,9.486832980505138
85,25,84,41,0,16.0312195418814
85,25,84,41,0,16.0312195418814
85,25,83,41,0,16.1245154965971
85,25,84,41,0,16.0312195418814
85,25,83,41,0,16.1245154965971
85,25,83,72,0,47.042533945356304
85,25,82,78,0,53.08483775994799
85,25,86,77,0,52.009614495783374
85,25,85,77,0,52.0
85,25,82,79,0,54.08326913195984
85,25,83,77,0,52.03844732503075
85,25,87,80,0,55.036351623268054
85,25,83,77,0,52.03844732503075
85,25,91,67,0,42.42640687119285
85,25,90,66,0,41.30375285612676
85,25,91,73,0,48.373546489791295
85,25,91,79,0,54.3323108288245
85,25,90,78,0,53.23532661682466
85,25,91,66,0,41.43669871020132
85,25,83,78,0,53.03772242470448
85,25,88,69,0,44.10215414239989
85,25,91,73,0,48.373546489791295
85,25,85,75,0,50.0
85,25,91,75,0,50.35871324805669
85,25,86,65,0,40.01249804748511
85,25,91,77,0,52.3450093132096
85,25,91,81,0,56.32051136131489
85,25,82,77,0,52.08646657242167
85,25,87,72,0,47.042533945356304
85,25,88,70,0,45.09988913511872
85,25,91,79,0,54.3323108288245
85,25,85,72,0,47.0
85,25,64,34,0,22.847319317591726
85,25,65,35,0,22.360679774997898
85,25,64,39,0,25.238858928247925
85,25,65,34,0,21.93171219946131
85,25,67,39,0,22.80350850198276
85,25,68,39,0,22.02271554554524
85,25,60,35,0,26.92582403567252
85,25,66,34,0,21.02379604162864
85,25,63,37,0,25.059928172283335
85,25,62,39,0,26.92582403567252
85,25,67,37,0,21.633307652783937
85,25,65,38,0,23.853720883753127
85,25,63,35,0,24.166091947189145
85,25,66,39,0,23.600847442411894
85,25,61,34,0,25.632011235952593
85,25,62,37,0,25.942243542145693
85,25,63,39,0,26.076809620810597
85,25,63,34,0,23.769728648009426
85,25,63,35,0,24.166091947189145
85,25,81,93,0,68.11754546370561
85,25,80,95,0,70.178344238091
85,25,86,94,0,69.00724599634447
85,25,88,99,0,74.06078584514209
85,25,82,93,0,68.06614430096654
85,25,81,99,0,74.10802925459562
85,25,80,96,0,71.17583859709698
85,25,85,96,0,71.0
85,25,87,99,0,74.02702209328699
95,25,38,75,0,75.82216034906945
95,25,40,80,0,77.78174593052023
95,25,39,79,0,77.79460135510689
95,25,34,74,0,78.24321056807422
95,25,33,77,0,80.91971329657564
95,25,36,78,0,79.30952023559341
95,25,38,79,0,78.5175139698144
95,25,33,71,0,77.20103626247513
95,25,33,75,0,79.64923100695951
95,25,35,77,0,79.39773296511683
95,25,37,74,0,75.92759709091287
95,25,38,71,0,73.24616030891995
95,25,38,79,0,78.5175139698144
95,25,36,74,0,76.69419795525604
95,25,33,55,0,68.87670143089025
95,25,31,55,0,70.68238818828917
95,25,37,52,0,63.97655820689325
95,25,32,54,0,69.35416353759881
95,25,30,55,0,71.58910531638176
95,25,37,52,0,63.97655820689325
95,25,30,51,0,70.00714249274856
95,25,35,54,0,66.64082832618455
95,25,39,51,0,61.741396161732524
95,25,30,56,0,72.01388754955533
95,25,36,52,0,64.88451279003334
95,25,34,50,0,65.92419889539804
95,25,33,50,0,66.85057965343307
95,25,39,53,0,62.609903369994115
95,25,31,51,0,69.07966415668217
95,25,30,56,0,72.01388754955533
95,25,39,52,0,62.16912416947821
95,25,33,50,0,66.85057965343307
95,25,34,52,0,66.70832032063167
95,25,39,53,0,62.609903369994115
95,25,30,54,0,71.17583859709698
95,25,82,39,0,19.1049731745428
95,25,84,43,0,21.095023109728988
95,25,82,41,0,20.615528128088304
95,25,84,40,0,18.601075237738275
95,25,82,41,0,20.615528128088304
95,25,84,38,0,17.029386365926403
95,25,84,34,0,14.212670403551895
95,25,84,42,0,20.248456731316587
95,25,81,32,0,15.652475842498529
95,25,82,34,0,15.811388300841896
95,25,84,41,0,19.4164878389476
95,25,84,41,0,19.4164878389476
95,25,83,41,0,20.0
95,25,84,41,0,19.4164878389476
95,25,83,41,0,20.0
95,25,83,72,0,48.507731342539614
95,25,82,78,0,54.57105459856901
95,25,86,77,0,52.773099207835045
95,25,85,77,0,52.952809179494906
95,25,82,79,0,55.54277630799526
95,25,83,77,0,53.36665625650534
95,25,87,80,0,55.57877292636101
95,25,83,77,0,53.36665625650534
95,25,91,67,0,42.190046219457976
95,25,90,66,0,41.30375285612676
95,25,91,73,0,48.16637831516918
95,25,91,79,0,54.147945482723536
95,25,90,78,0,53.23532661682466
95,25,91,66,0,41.19465984809196
95,25,83,78,0,54.3415126767741
95,25,88,69,0,44.553338819890925
95,25,91,73,0,48.16637831516918
95,25,85,75,0,50.99019513592785
95,25,91,75,0,50.15974481593781
95,25,86,65,0,41.0
95,25,91,77,0,52.15361924162119
95,25,91,81,0,56.142675390472796
95,25,82,77,0,53.600373133029585
95,25,87,72,0,47.67598976424087
95,25,88,70,0,45.5411901469428
95,25,91,79,0,54.147945482723536
95,25,85,72,0,48.05205510693585
95,25,64,34,0,32.28002478313795
95,25,65,35,0,31.622776601683793
95,25,64,39,0,34.0147027033899
95,25,65,34,0,31.32091952673165
95,25,67,39,0,31.304951684997057
95,25,68,39,0,30.4138126514911
95,25,60,35,0,36.40054944640259
95,25,66,34,0,30.364452901377952
95,25,63,37,0,34.17601498127012
95,25,62,39,0,35.84689665786984
95,25,67,37,0,30.463092423455635
95,25,65,38,0,32.69556544854363
95,25,63,35,0,33.52610922848042
95,25,66,39,0,32.202484376209235
95,25,61,34,0,35.17101079013795
95,25,62,37,0,35.11409973215888
95,25,63,39,0,34.92849839314596
95,25,63,34,0,33.24154027718932
95,25,63,35,0,33.52610922848042
95,25,81,93,0,69.42621983083913
95,25,80,95,0,71.58910531638176
95,25,86,94,0,69.58448102845921
95,25,88,99,0,74.33034373659252
95,25,82,93,0,69.2314957226839
95,25,81,99,0,75.31268153505093
95,25,80,96,0,72.56721022610694
95,25,85,96,0,71.7007670809734
95,25,87,99,0,74.43117626371358
25,37,38,75,0,40.162171256046406
25,37,40,80,0,45.5411901469428
25,37,39,79,0,44.27188724235731
25,37,34,74,0,38.07886552931954
25,37,33,77,0,40.792156108742276
25,37,36,78,0,42.44997055358225
25,37,38,79,0,43.965895873961216
25,37,33,71,0,34.92849839314596
25,37,33,75,0,38.8329756778952
25,37,35,77,0,41.23105625617661
25,37,37,74,0,38.897300677553446
25,37,38,71,0,36.40054944640259
25,37,38,79,0,43.965895873961216
25,37,36,74,0,38.600518131237564
25,37,33,55,0,19.697715603592208
25,37,31,55,0,18.973665961010276
25,37,37,52,0,19.209372712298546
25,37,32,54,0,18.384776310850235
25,37,30,55,0,18.681541692269406
25,37,37,52,0,19.209372712298546
25,37,30,51,0,14.866068747318506
25,37,35,54,0,19.72308292331602
25,37,39,51,0,19.79898987322333
25,37,30,56,0,19.6468827043885
25,37,36,52,0,18.601075237738275
25,37,34,50,0,15.811388300841896
25,37,33,50,0,15.264337522473747
25,37,39,53,0,21.2602916254693
25,37,31,51,0,15.231546211727817
25,37,30,56,0,19.6468827043885
25,37,39,52,0,20.518284528683193
25,37,33,50,0,15.264337522473747
25,37,34,52,0,17.4928556845359
25,37,39,53,0,21.2602916254693
25,37,30,54,0,17.72004514666935
25,37,82,39,0,57.0350769263968
25,37,84,43,0,59.30430001273095
25,37,82,41,0,57.14017850864661
25,37,84,40,0,59.07622195096772
25,37,82,41,0,57.14017850864661
25,37,84,38,0,59.00847396772772
25,37,84,34,0,59.07622195096772
25,37,84,42,0,59.21148537234985
25,37,81,32,0,56.22277118748239
25,37,82,34,0,57.07889277132134
25,37,84,41,0,59.135437767890075
25,37,84,41,0,59.135437767890075
25,37,83,41,0,58.137767414994535
25,37,84,41,0,59.135437767890075
25,37,83,41,0,58.137767414994535
25,37,83,72,0,67.7421582177598
25,37,82,78,0,70.21395872616783
25,37,86,77,0,72.94518489934754
25,37,85,77,0,72.11102550927978
25,37,82,79,0,70.80254232723568
25,37,83,77,0,70.45565981523414
25,37,87,80,0,75.45197147855052
25,37,83,77,0,70.45565981523414
25,37,91,67,0,72.49827584156743
25,37,90,66,0,71.17583859709698
25,37,91,73,0,75.17978451685
25,37,91,79,0,78.23042886243178
25,37,90,78,0,76.8505042273634
25,37,91,66,0,72.09022125087424
25,37,83,78,0,71.02816342831905
25,37,88,69,0,70.66116330771806
25,37,91,73,0,75.17978451685
25,37,85,75,0,71.02112361825881
25,37,91,75,0,76.15773105863909
25,37,86,65,0,67.11929677819934
25,37,91,77,0,77.17512552629896
25,37,91,81,0,79.32212806020776
25,37,82,77,0,69.63476143421474
25,37,87,72,0,71.19691004531025
25,37,88,70,0,71.11961754677819
25,37,91,79,0,78.23042886243178
25,37,85,72,0,69.46221994724903
25,37,64,34,0,39.11521443121589
25,37,65,35,0,40.049968789001575
25,37,64,39,0,39.05124837953327
25,37,65,34,0,40.11234224026316
25,37,67,39,0,42.04759208325728
25,37,68,39,0,43.04648650006177
25,37,60,35,0,35.05709628591621
25,37,66,34,0,41.10960958218893
25,37,63,37,0,38.0
25,37,62,39,0,37.05401462729781
25,37,67,37,0,42.0
25,37,65,38,0,40.01249804748511
25,37,63,35,0,38.05259518088089
25,37,66,39,0,41.048751503547585
25,37,61,34,0,36.124783736376884
25,37,62,37,0,37.0
25,37,63,39,0,38.05259518088089
25,37,63,34,0,38.118237105091836
25,37,63,35,0,38.05259518088089
25,37,81,93,0,79.19595949289332
25,37,80,95,0,79.93122043357026
25,37,86,94,0,83.48652585896721
25,37,88,99,0,88.3911760301898
25,37,82,93,0,79.90619500389191
25,37,81,99,0,83.54639429682169
25,37,80,96,0,80.65977932030313
25,37,85,96,0,84.1486779456457
25,37,87,99,0,87.68124086713189
35,37,38,75,0,38.118237105091836
35,37,40,80,0,43.289721643826724
35,37,39,79,0,42.190046219457976
35,37,34,74,0,37.013511046643494
35,37,33,77,0,40.049968789001575
35,37,36,78,0,41.012193308819754
35,37,38,79,0,42.1070065428546
35,37,33,71,0,34.058772731852805
35,37,33,75,0,38.05259518088089
35,37,35,77,0,40.0
35,37,37,74,0,37.05401462729781
35,37,38,71,0,34.132096331752024
35,37,38,79,0,42.1070065428546
35,37,36,74,0,37.013511046643494
35,37,33,55,0,18.110770276274835
35,37,31,55,0,18.439088914585774
35,37,37,52,0,15.132745950421556
35,37,32,54,0,17.26267650163207
35,37,30,55,0,18.681541692269406
35,37,37,52,0,15.132745950421556
35,37,30,51,0,14.866068747318506
35,37,35,54,0,17.0
35,37,39,51,0,14.560219778561036
35,37,30,56,0,19.6468827043885
35,37,36,52,0,15.033296378372908
35,37,34,50,0,13.038404810405298
35,37,33,50,0,13.152946437965905
35,37,39,53,0,16.492422502470642
35,37,31,51,0,14.560219778561036
35,37,30,56,0,19.6468827043885
35,37,39,52,0,15.524174696260024
35,37,33,50,0,13.152946437965905
35,37,34,52,0,15.033296378372908
35,37,39,53,0,16.492422502470642
35,37,30,54,0,17.72004514666935
35,37,82,39,0,47.042533945356304
35,37,84,43,0,49.36598018878993
35,37,82,41,0,47.16990566028302
35,37,84,40,0,49.09175083453431
35,37,82,41,0,47.16990566028302
35,37,84,38,0,49.01020301937138
35,37,84,34,0,49.09175083453431
35,37,84,42,0,49.25444142409901
35,37,81,32,0,46.2709412050371
35,37,82,34,0,47.095647357266465
35,37,84,41,0,49.16299421312742
35,37,84,41,0,49.16299421312742
35,37,83,41,0,48.16637831516918
35,37,84,41,0,49.16299421312742
35,37,83,41,0,48.16637831516918
35,37,83,72,0,59.405386961116584
35,37,82,78,0,62.369864518050704
35,37,86,77,0,64.81512169239521
35,37,85,77,0,64.03124237432849
35,37,82,79,0,63.0317380372777
35,37,83,77,0,62.48199740725323
35,37,87,80,0,67.47592163134935
35,37,83,77,0,62.48199740725323
35,37,91,67,0,63.52952069707436
35,37,90,66,0,62.177166226839255
35,37,91,73,0,66.57326790837296
35,37,91,79,0,70.0
35,37,90,78,0,68.60029154456998
35,37,91,66,0,63.06346010171025
35,37,83,78,0,63.12685640834652
35,37,88,69,0,61.91122676865643
35,37,91,73,0,66.57326790837296
35,37,85,75,0,62.80127387243033
35,37,91,75,0,67.67569726275453
35,37,86,65,0,58.180752831155424
35,37,91,77,0,68.81860213634101
35,37,91,81,0,71.21797525905943
35,37,82,77,0,61.71709649683789
35,37,87,72,0,62.68173577685928
35,37,88,70,0,62.433965115151864
35,37,91,79,0,70.0
35,37,85,72,0,61.032778078668514
35,37,64,34,0,29.154759474226502
35,37,65,35,0,30.066592756745816
35,37,64,39,0,29.068883707497267
35,37,65,34,0,30.14962686336267
35,37,67,39,0,32.0624390837628
35,37,68,39,0,33.06055050963308
35,37,60,35,0,25.079872407968907
35,37,66,34,0,31.144823004794873
35,37,63,37,0,28.0
35,37,62,39,0,27.073972741361768
35,37,67,37,0,32.0
35,37,65,38,0,30.01666203960727
35,37,63,35,0,28.071337695236398
35,37,66,39,0,31.064449134018133
35,37,61,34,0,26.1725046566048
35,37,62,37,0,27.0
35,37,63,39,0,28.071337695236398
35,37,63,34,0,28.160255680657446
35,37,63,35,0,28.071337695236398
35,37,81,93,0,72.47068372797375
35,37,80,95,0,73.40980860893181
35,37,86,94,0,76.48529270389177
35,37,88,99,0,81.5659242576212
35,37,82,93,0,73.10950690573696
35,37,81,99,0,77.20103626247513
35,37,80,96,0,74.2024258363566
35,37,85,96,0,77.33692520394123
35,37,87,99,0,80.91971329657564
45,37,38,75,0,38.63935817272331
45,37,40,80,0,43.289721643826724
45,37,39,79,0,42.42640687119285
45,37,34,74,0,38.600518131237564
45,37,33,77,0,41.7612260356422
45,37,36,78,0,41.97618372363071
45,37,38,79,0,42.579337712087536
45,37,33,71,0,36.05551275463989
45,37,33,75,0,39.84971769034255
45,37,35,77,0,41.23105625617661
45,37,37,74,0,37.8549864614954
45,37,38,71,0,34.713109915419565
45,37,38,79,0,42.579337712087536
45,37,36,74,0,38.07886552931954
45,37,33,55,0,21.633307652783937
45,37,31,55,0,22.80350850198276
45,37,37,52,0,17.0
45,37,32,54,0,21.400934559032695
45,37,30,55,0,23.430749027719962
45,37,37,52,0,17.0
45,37,30,51,0,20.518284528683193
45,37,35,54,0,19.72308292331602
45,37,39,51,0,15.231546211727817
45,37,30,56,0,24.20743687382041
45,37,36,52,0,17.4928556845359
45,37,34,50,0,17.029386365926403
45,37,33,50,0,17.69180601295413
45,37,39,53,0,17.08800749063506
45,37,31,51,0,19.79898987322333
45,37,30,56,0,24.20743687382041
45,37,39,52,0,16.15549442140351
45,37,33,50,0,17.69180601295413
45,37,34,52,0,18.601075237738275
45,37,39,53,0,17.08800749063506
45,37,30,54,0,22.67156809750927
45,37,82,39,0,37.05401462729781
45,37,84,43,0,39.45883931389772
45,37,82,41,0,37.21558813185679
45,37,84,40,0,39.11521443121589
45,37,82,41,0,37.21558813185679
45,37,84,38,0,39.01281840626232
45,37,84,34,0,39.11521443121589
45,37,84,42,0,39.319206502675
45,37,81,32,0,36.345563690772494
45,37,82,34,0,37.12142238654117
45,37,84,41,0,39.20459156782532
45,37,84,41,0,39.20459156782532
45,37,83,41,0,38.2099463490856
45,37,84,41,0,39.20459156782532
45,37,83,41,0,38.2099463490856
45,37,83,72,0,51.66236541235796
45,37,82,78,0,55.226805085936306
45,37,86,77,0,57.28001396647874
45,37,85,77,0,56.568542494923804
45,37,82,79,0,55.97320787662612
45,37,83,77,0,55.17245689653489
45,37,87,80,0,60.108235708594876
45,37,83,77,0,55.17245689653489
45,37,91,67,0,54.91812087098393
45,37,90,66,0,53.53503525729669
45,37,91,73,0,58.412327466040935
45,37,91,79,0,62.289646009589745
45,37,90,78,0,60.876925020897694
45,37,91,66,0,54.378304497290095
45,37,83,78,0,55.90169943749474
45,37,88,69,0,53.600373133029585
45,37,91,73,0,58.412327466040935
45,37,85,75,0,55.17245689653489
45,37,91,75,0,59.665735560705194
45,37,86,65,0,49.64876634922564
45,37,91,77,0,60.959002616512684
45,37,91,81,0,63.655321851358195
45,37,82,77,0,54.48853090330111
45,37,87,72,0,54.67174773134658
45,37,88,70,0,54.20332093147061
45,37,91,79,0,62.289646009589745
45,37,85,72,0,53.150729063673246
45,37,64,34,0,19.235384061671343
45,37,65,35,0,20.09975124224178
45,37,64,39,0,19.1049731745428
45,37,65,34,0,20.223748416156685
45,37,67,39,0,22.090722034374522
45,37,68,39,0,23.08679276123039
45,37,60,35,0,15.132745950421556
45,37,66,34,0,21.213203435596427
45,37,63,37,0,18.0
45,37,62,39,0,17.11724276862369
45,37,67,37,0,22.0
45,37,65,38,0,20.024984394500787
45,37,63,35,0,18.110770276274835
45,37,66,39,0,21.095023109728988
45,37,61,34,0,16.278820596099706
45,37,62,37,0,17.0
45,37,63,39,0,18.110770276274835
45,37,63,34,0,18.24828759089466
45,37,63,35,0,18.110770276274835
45,37,81,93,0,66.57326790837296
45,37,80,95,0,67.7421582177598
45,37,86,94,0,70.21395872616783
45,37,88,99,0,75.45197147855052
45,37,82,93,0,67.11929677819934
45,37,81,99,0,71.69379331573968
45,37,80,96,0,68.60029154456998
45,37,85,96,0,71.28113354878694
45,37,87,99,0,74.88658090739622
65,37,38,75,0,46.61544808322666
65,37,40,80,0,49.73932046178355
65,37,39,79,0,49.39635614091387
65,37,34,74,0,48.27007354458868
65,37,33,77,0,51.22499389946279
65,37,36,78,0,50.21951811795888
65,37,38,79,0,49.92995093127971
65,37,33,71,0,46.69047011971501
65,37,33,75,0,49.678969393496885
65,37,35,77,0,50.0
65,37,37,74,0,46.400431032480725
65,37,38,71,0,43.41658669218482
65,37,38,79,0,49.92995093127971
65,37,36,74,0,47.01063709417264
65,37,33,55,0,36.71511950137164
65,37,31,55,0,38.47076812334269
65,37,37,52,0,31.76476034853718
65,37,32,54,0,37.12142238654117
65,37,30,55,0,39.35733730830886
65,37,37,52,0,31.76476034853718
65,37,30,51,0,37.69615364994153
65,37,35,54,0,34.48187929913333
65,37,39,51,0,29.5296461204668
65,37,30,56,0,39.824615503479755
65,37,36,52,0,32.64965543462902
65,37,34,50,0,33.61547262794322
65,37,33,50,0,34.539832078341085
65,37,39,53,0,30.528675044947494
65,37,31,51,0,36.76955262170047
65,37,30,56,0,39.824615503479755
65,37,39,52,0,30.01666203960727
65,37,33,50,0,34.539832078341085
65,37,34,52,0,34.438350715445125
65,37,39,53,0,30.528675044947494
65,37,30,54,0,38.91015291668744
65,37,82,39,0,17.11724276862369
65,37,84,43,0,19.924858845171276
65,37,82,41,0,17.46424919657298
65,37,84,40,0,19.235384061671343
65,37,82,41,0,17.46424919657298
65,37,84,38,0,19.026297590440446
65,37,84,34,0,19.235384061671343
65,37,84,42,0,19.6468827043885
65,37,81,32,0,16.76305461424021
65,37,82,34,0,17.26267650163207
65,37,84,41,0,19.4164878389476
65,37,84,41,0,19.4164878389476
65,37,83,41,0,18.439088914585774
65,37,84,41,0,19.4164878389476
65,37,83,41,0,18.439088914585774
65,37,83,72,0,39.35733730830886
65,37,82,78,0,44.384682042344295
65,37,86,77,0,45.17742799230607
65,37,85,77,0,44.721359549995796
65,37,82,79,0,45.31004303683677
65,37,83,77,0,43.86342439892262
65,37,87,80,0,48.30113870293329
65,37,83,77,0,43.86342439892262
65,37,91,67,0,39.698866482558415
65,37,90,66,0,38.28837943815329
65,37,91,73,0,44.40720662234904
65,37,91,79,0,49.39635614091387
65,37,90,78,0,48.02082881417188
65,37,91,66,0,38.948684188300895
65,37,83,78,0,44.77722635447622
65,37,88,69,0,39.408120990476064
65,37,91,73,0,44.40720662234904
65,37,85,75,0,42.941821107167776
65,37,91,75,0,46.04345773288535
65,37,86,65,0,35.0
65,37,91,77,0,47.70744176750625
65,37,91,81,0,51.10772935672255
65,37,82,77,0,43.46262762420146
65,37,87,72,0,41.340053217188775
65,37,88,70,0,40.22437072223753
65,37,91,79,0,49.39635614091387
65,37,85,72,0,40.311288741492746
65,37,64,34,0,3.1622776601683795
65,37,65,35,0,2.0
65,37,64,39,0,2.23606797749979
65,37,65,34,0,3.0
65,37,67,39,0,2.8284271247461903
65,37,68,39,0,3.605551275463989
65,37,60,35,0,5.385164807134504
65,37,66,34,0,3.1622776601683795
65,37,63,37,0,2.0
65,37,62,39,0,3.605551275463989
65,37,67,37,0,2.0
65,37,65,38,0,1.0
65,37,63,35,0,2.8284271247461903
65,37,66,39,0,2.23606797749979
65,37,61,34,0,5.0
65,37,62,37,0,3.0
65,37,63,39,0,2.8284271247461903
65,37,63,34,0,3.605551275463989
65,37,63,35,0,2.8284271247461903
65,37,81,93,0,58.240879114244144
65,37,80,95,0,59.90826320300064
65,37,86,94,0,60.74537019394976
65,37,88,99,0,66.12866246946176
65,37,82,93,0,58.52349955359813
65,37,81,99,0,64.03124237432849
65,37,80,96,0,60.876925020897694
65,37,85,96,0,62.297672508690084
65,37,87,99,0,65.7875368135941
85,37,38,75,0,60.440052945046304
85,37,40,80,0,62.24146527838174
85,37,39,79,0,62.289646009589745
85,37,34,74,0,63.00793600809346
85,37,33,77,0,65.60487786742691
85,37,36,78,0,63.89053137985315
85,37,38,79,0,63.0317380372777
85,37,33,71,0,62.12889826803627
85,37,33,75,0,64.40496875241847
85,37,35,77,0,64.03124237432849
85,37,37,74,0,60.60528029800704
85,37,38,71,0,58.008620049092706
85,37,38,79,0,63.0317380372777
85,37,36,74,0,61.40032573203501
85,37,33,55,0,55.02726596879042
85,37,31,55,0,56.92099788303083
85,37,37,52,0,50.28916384272063
85,37,32,54,0,55.65968020030299
85,37,30,55,0,57.87054518492115
85,37,37,52,0,50.28916384272063
85,37,30,51,0,56.753854494650845
85,37,35,54,0,52.81098370604357
85,37,39,51,0,48.08326112068523
85,37,30,56,0,58.18934610390462
85,37,36,52,0,51.24451190127583
85,37,34,50,0,52.630789467763066
85,37,33,50,0,53.600373133029585
85,37,39,53,0,48.703182647543684
85,37,31,51,0,55.78530272392541
85,37,30,56,0,58.18934610390462
85,37,39,52,0,48.38388161361178
85,37,33,50,0,53.600373133029585
85,37,34,52,0,53.16013544000805
85,37,39,53,0,48.703182647543684
85,37,30,54,0,57.56735185849702
85,37,82,39,0,3.605551275463989
85,37,84,43,0,6.082762530298219
85,37,82,41,0,5.0
85,37,84,40,0,3.1622776601683795
85,37,82,41,0,5.0
85,37,84,38,0,1.4142135623730951
85,37,84,34,0,3.1622776601683795
85,37,84,42,0,5.0990195135927845
85,37,81,32,0,6.4031242374328485
85,37,82,34,0,4.242640687119285
85,37,84,41,0,4.123105625617661
85,37,84,41,0,4.123105625617661
85,37,83,41,0,4.47213595499958
85,37,84,41,0,4.123105625617661
85,37,83,41,0,4.47213595499958
85,37,83,72,0,35.05709628591621
85,37,82,78,0,41.10960958218893
85,37,86,77,0,40.01249804748511
85,37,85,77,0,40.0
85,37,82,79,0,42.1070065428546
85,37,83,77,0,40.049968789001575
85,37,87,80,0,43.04648650006177
85,37,83,77,0,40.049968789001575
85,37,91,67,0,30.59411708155671
85,37,90,66,0,29.427877939124322
85,37,91,73,0,36.49657518178932
85,37,91,79,0,42.42640687119285
85,37,90,78,0,41.30375285612676
85,37,91,66,0,29.614185789921695
85,37,83,78,0,41.048751503547585
85,37,88,69,0,32.14031735997639
85,37,91,73,0,36.49657518178932
85,37,85,75,0,38.0
85,37,91,75,0,38.47076812334269
85,37,86,65,0,28.0178514522438
85,37,91,77,0,40.44749683231337
85,37,91,81,0,44.40720662234904
85,37,82,77,0,40.11234224026316
85,37,87,72,0,35.05709628591621
85,37,88,70,0,33.13608305156178
85,37,91,79,0,42.42640687119285
85,37,85,72,0,35.0
85,37,64,34,0,21.213203435596427
85,37,65,35,0,20.09975124224178
85,37,64,39,0,21.095023109728988
85,37,65,34,0,20.223748416156685
85,37,67,39,0,18.110770276274835
85,37,68,39,0,17.11724276862369
85,37,60,35,0,25.079872407968907
85,37,66,34,0,19.235384061671343
85,37,63,37,0,22.0
85,37,62,39,0,23.08679276123039
85,37,67,37,0,18.0
85,37,65,38,0,20.024984394500787
85,37,63,35,0,22.090722034374522
85,37,66,39,0,19.1049731745428
85,37,61,34,0,24.186773244895647
85,37,62,37,0,23.0
85,37,63,39,0,22.090722034374522
85,37,63,34,0,22.20360331117452
85,37,63,35,0,22.090722034374522
85,37,81,93,0,56.142675390472796
85,37,80,95,0,58.215118311311535
85,37,86,94,0,57.0087712549569
85,37,88,99,0,62.07253821135398
85,37,82,93,0,56.08029957123981
85,37,81,99,0,62.12889826803627
85,37,80,96,0,59.21148537234985
85,37,85,96,0,59.0
85,37,87,99,0,62.03224967708329
95,37,38,75,0,68.5054742338158
95,37,40,80,0,69.81403870282824
95,37,39,79,0,70.0
95,37,34,74,0,71.34423592694787
95,37,33,77,0,73.78346698278686
95,37,36,78,0,71.84705978674423
95,37,38,79,0,70.80254232723568
95,37,33,71,0,70.71067811865476
95,37,33,75,0,72.71863585079137
95,37,35,77,0,72.11102550927978
95,37,37,74,0,68.79680225126747
95,37,38,71,0,66.37017402418047
95,37,38,79,0,70.80254232723568
95,37,36,74,0,69.6419413859206
95,37,33,55,0,64.5600495662759
95,37,31,55,0,66.48308055437865
95,37,37,52,0,59.90826320300064
95,37,32,54,0,65.25335240430181
95,37,30,55,0,67.446274915669
95,37,37,52,0,59.90826320300064
95,37,30,51,0,66.49060083951716
95,37,35,54,0,62.36184731067546
95,37,39,51,0,57.723478758647246
95,37,30,56,0,67.72001181334805
95,37,36,52,0,60.876925020897694
95,37,34,50,0,62.369864518050704
95,37,33,50,0,63.34824385884742
95,37,39,53,0,58.240879114244144
95,37,31,51,0,65.5133574166368
95,37,30,56,0,67.72001181334805
95,37,39,52,0,57.97413216254298
95,37,33,50,0,63.34824385884742
95,37,34,52,0,62.81719509815764
95,37,39,53,0,58.240879114244144
95,37,30,54,0,67.1863081289633
95,37,82,39,0,13.152946437965905
95,37,84,43,0,12.529964086141668
95,37,82,41,0,13.601470508735444
95,37,84,40,0,11.40175425099138
95,37,82,41,0,13.601470508735444
95,37,84,38,0,11.045361017187261
95,37,84,34,0,11.40175425099138
95,37,84,42,0,12.083045973594572
95,37,81,32,0,14.866068747318506
95,37,82,34,0,13.341664064126334
95,37,84,41,0,11.704699910719626
95,37,84,41,0,11.704699910719626
95,37,83,41,0,12.649110640673518
95,37,84,41,0,11.704699910719626
95,37,83,41,0,12.649110640673518
95,37,83,72,0,37.0
95,37,82,78,0,43.01162633521314
95,37,86,77,0,41.0
95,37,85,77,0,41.23105625617661
95,37,82,79,0,43.965895873961216
95,37,83,77,0,41.7612260356422
95,37,87,80,0,43.73785545725808
95,37,83,77,0,41.7612260356422
95,37,91,67,0,30.265491900843113
95,37,90,66,0,29.427877939124322
95,37,91,73,0,36.22154055254967
95,37,91,79,0,42.190046219457976
95,37,90,78,0,41.30375285612676
95,37,91,66,0,29.274562336608895
95,37,83,78,0,42.720018726587654
95,37,88,69,0,32.7566787083184
95,37,91,73,0,36.22154055254967
95,37,85,75,0,39.293765408777
95,37,91,75,0,38.2099463490856
95,37,86,65,0,29.410882339705484
95,37,91,77,0,40.19950248448356
95,37,91,81,0,44.181444068749045
95,37,82,77,0,42.05948168962618
95,37,87,72,0,35.90264614203248
95,37,88,70,0,33.734255586866
95,37,91,79,0,42.190046219457976
95,37,85,72,0,36.40054944640259
95,37,64,34,0,31.144823004794873
95,37,65,35,0,30.066592756745816
95,37,64,39,0,31.064449134018133
95,37,65,34,0,30.14962686336267
95,37,67,39,0,28.071337695236398
95,37,68,39,0,27.073972741361768
95,37,60,35,0,35.05709628591621
95,37,66,34,0,29.154759474226502
95,37,63,37,0,32.0
95,37,62,39,0,33.06055050963308
95,37,67,37,0,28.0
95,37,65,38,0,30.01666203960727
95,37,63,35,0,32.0624390837628
95,37,66,39,0,29.068883707497267
95,37,61,34,0,34.132096331752024
95,37,62,37,0,33.0
95,37,63,39,0,32.0624390837628
95,37,63,34,0,32.14031735997639
95,37,63,35,0,32.0624390837628
95,37,81,93,0,57.723478758647246
95,37,80,95,0,59.90826320300064
95,37,86,94,0,57.706152185014034
95,37,88,99,0,62.39390995922599
95,37,82,93,0,57.48912940721924
95,37,81,99,0,63.56099432828282
95,37,80,96,0,60.876925020897694
95,37,85,96,0,59.841457201508724
95,37,87,99,0,62.51399843235114
25,48,38,75,0,29.966648127543394
25,48,40,80,0,35.34119409414458
25,48,39,79,0,34.0147027033899
25,48,34,74,0,27.51363298439521
25,48,33,77,0,30.083217912982647
25,48,36,78,0,31.953090617340916
25,48,38,79,0,33.61547262794322
25,48,33,71,0,24.351591323771842
25,48,33,75,0,28.160255680657446
25,48,35,77,0,30.675723300355934
25,48,37,74,0,28.635642126552707
25,48,38,71,0,26.419689627245813
25,48,38,79,0,33.61547262794322
25,48,36,74,0,28.231188426986208
25,48,33,55,0,10.63014581273465
25,48,31,55,0,9.219544457292887
25,48,37,52,0,12.649110640673518
25,48,32,54,0,9.219544457292887
25,48,30,55,0,8.602325267042627
25,48,37,52,0,12.649110640673518
25,48,30,51,0,5.830951894845301
25,48,35,54,0,11.661903789690601
25,48,39,51,0,14.317821063276353
25,48,30,56,0,9.433981132056603
25,48,36,52,0,11.704699910719626
25,48,34,50,0,9.219544457292887
25,48,33,50,0,8.246211251235321
25,48,39,53,0,14.866068747318506
25,48,31,51,0,6.708203932499369
25,48,30,56,0,9.433981132056603
25,48,39,52,0,14.560219778561036
25,48,33,50,0,8.246211251235321
25,48,34,52,0,9.848857801796104
25,48,39,53,0,14.866068747318506
25,48,30,54,0,7.810249675906654
25,48,82,39,0,57.706152185014034
25,48,84,43,0,59.21148537234985
25,48,82,41,0,57.42821606144492
25,48,84,40,0,59.53990258641679
25,48,82,41,0,57.42821606144492
25,48,84,38,0,59.841457201508724
25,48,84,34,0,60.63827174318213
25,48,84,42,0,59.30430001273095
25,48,81,32,0,58.240879114244144
25,48,82,34,0,58.69412236331676
25,48,84,41,0,59.413803110051795
25,48,84,41,0,59.413803110051795
25,48,83,41,0,58.42088667591412
25,48,84,41,0,59.413803110051795
25,48,83,41,0,58.42088667591412
25,48,83,72,0,62.76941930590086
25,48,82,78,0,64.41273166075166
25,48,86,77,0,67.54257916307313
25,48,85,77,0,66.64082832618455
25,48,82,79,0,64.88451279003334
25,48,83,77,0,64.8459713474939
25,48,87,80,0,69.77105417004964
25,48,83,77,0,64.8459713474939
25,48,91,67,0,68.6804193347711
25,48,90,66,0,67.446274915669
25,48,91,73,0,70.57619995437555
25,48,91,79,0,72.91776189653656
25,48,90,78,0,71.58910531638176
25,48,91,66,0,68.41052550594829
25,48,83,78,0,65.29931086925804
25,48,88,69,0,66.40783086353596
25,48,91,73,0,70.57619995437555
25,48,85,75,0,65.79513659838392
25,48,91,75,0,71.30918594402827
25,48,86,65,0,63.324560795950255
25,48,91,77,0,72.09022125087424
25,48,91,81,0,73.79024325749306
25,48,82,77,0,63.953107821277925
25,48,87,72,0,66.48308055437865
25,48,88,70,0,66.73080248281148
25,48,91,79,0,72.91776189653656
25,48,85,72,0,64.62197768561404
25,48,64,34,0,41.43669871020132
25,48,65,35,0,42.05948168962618
25,48,64,39,0,40.024992192379
25,48,65,34,0,42.37924020083418
25,48,67,39,0,42.95346318982906
25,48,68,39,0,43.93176527297759
25,48,60,35,0,37.33630940518894
25,48,66,34,0,43.32435804486894
25,48,63,37,0,39.56008088970496
25,48,62,39,0,38.07886552931954
25,48,67,37,0,43.41658669218482
25,48,65,38,0,41.23105625617661
25,48,63,35,0,40.162171256046406
25,48,66,39,0,41.97618372363071
25,48,61,34,0,38.62641583165593
25,48,62,37,0,38.600518131237564
25,48,63,39,0,39.05124837953327
25,48,63,34,0,40.496913462633174
25,48,63,35,0,40.162171256046406
25,48,81,93,0,71.84010022264724
25,48,80,95,0,72.34638899074369
25,48,86,94,0,76.40026177965623
25,48,88,99,0,81.05553651663777
25,48,82,93,0,72.62231062146122
25,48,81,99,0,75.7429864739964
25,48,80,96,0,73.0
25,48,85,96,0,76.83749084919418
25,48,87,99,0,80.2807573457052
35,48,38,75,0,27.16615541441225
35,48,40,80,0,32.38826948140329
35,48,39,79,0,31.25699921617557
35,48,34,74,0,26.019223662515376
35,48,33,77,0,29.068883707497267
35,48,36,78,0,30.01666203960727
35,48,38,79,0,31.144823004794873
35,48,33,71,0,23.08679276123039
35,48,33,75,0,27.073972741361768
35,48,35,77,0,29.0
35,48,37,74,0,26.076809620810597
35,48,38,71,0,23.194827009486403
35,48,38,79,0,31.144823004794873
35,48,36,74,0,26.019223662515376
35,48,33,55,0,7.280109889280518
35,48,31,55,0,8.06225774829855
35,48,37,52,0,4.47213595499958
35,48,32,54,0,6.708203932499369
35,48,30,55,0,8.602325267042627
35,48,37,52,0,4.47213595499958
35,48,30,51,0,5.830951894845301
35,48,35,54,0,6.0
35,48,39,51,0,5.0
35,48,30,56,0,9.433981132056603
35,48,36,52,0,4.123105625617661
35,48,34,50,0,2.23606797749979
35,48,33,50,0,2.8284271247461903
35,48,39,53,0,6.4031242374328485
35,48,31,51,0,5.0
35,48,30,56,0,9.433981132056603
35,48,39,52,0,5.656854249492381
35,48,33,50,0,2.8284271247461903
35,48,34,52,0,4.123105625617661
35,48,39,53,0,6.4031242374328485
35,48,30,54,0,7.810249675906654
35,48,82,39,0,47.853944456021594
35,48,84,43,0,49.25444142409901
35,48,82,41,0,47.51841748206689
35,48,84,40,0,49.64876634922564
35,48,82,41,0,47.51841748206689
35,48,84,38,0,50.00999900019995
35,48,84,34,0,50.96076922496363
35,48,84,42,0,49.36598018878993
35,48,81,32,0,48.703182647543684
35,48,82,34,0,49.040799340956916
35,48,84,41,0,49.49747468305833
35,48,84,41,0,49.49747468305833
35,48,83,41,0,48.507731342539614
35,48,84,41,0,49.49747468305833
35,48,83,41,0,48.507731342539614
35,48,83,72,0,53.665631459994955
35,48,82,78,0,55.758407437802596
35,48,86,77,0,58.66856057549052
35,48,85,77,0,57.8013840664737
35,48,82,79,0,56.302753041036986
35,48,83,77,0,56.08029957123981
35,48,87,80,0,61.05735008989499
35,48,83,77,0,56.08029957123981
35,48,91,67,0,59.135437767890075
35,48,90,66,0,57.87054518492115
35,48,91,73,0,61.326992425847855
35,48,91,79,0,64.00781202322104
35,48,90,78,0,62.64982043070834
35,48,91,66,0,58.82176467941097
35,48,83,78,0,56.60388679233962
35,48,88,69,0,57.0087712549569
35,48,91,73,0,61.326992425847855
35,48,85,75,0,56.824290580701486
35,48,91,75,0,62.16912416947821
35,48,86,65,0,53.75872022286245
35,48,91,77,0,63.06346010171025
35,48,91,81,0,65.0
35,48,82,77,0,55.226805085936306
35,48,87,72,0,57.271284253105414
35,48,88,70,0,57.38466694161429
35,48,91,79,0,64.00781202322104
35,48,85,72,0,55.46169849544819
35,48,64,34,0,32.202484376209235
35,48,65,35,0,32.69556544854363
35,48,64,39,0,30.364452901377952
35,48,65,34,0,33.1058907144937
35,48,67,39,0,33.24154027718932
35,48,68,39,0,34.20526275297414
35,48,60,35,0,28.178005607210743
35,48,66,34,0,34.0147027033899
35,48,63,37,0,30.083217912982647
35,48,62,39,0,28.460498941515414
35,48,67,37,0,33.83784863137726
35,48,65,38,0,31.622776601683793
35,48,63,35,0,30.870698080866262
35,48,66,39,0,32.28002478313795
35,48,61,34,0,29.5296461204668
35,48,62,37,0,29.154759474226502
35,48,63,39,0,29.410882339705484
35,48,63,34,0,31.304951684997057
35,48,63,35,0,30.870698080866262
35,48,81,93,0,64.35060217278468
35,48,80,95,0,65.06919393998976
35,48,86,94,0,68.6804193347711
35,48,88,99,0,73.55270219373317
35,48,82,93,0,65.06919393998976
35,48,81,99,0,68.6804193347711
35,48,80,96,0,65.79513659838392
35,48,85,96,0,69.31089380465383
35,48,87,99,0,72.83543093852057
45,48,38,75,0,27.892651361962706
45,48,40,80,0,32.38826948140329
45,48,39,79,0,31.575306807693888
45,48,34,74,0,28.231188426986208
45,48,33,77,0,31.38470965295043
45,48,36,78,0,31.32091952673165
45,48,38,79,0,31.78049716414141
45,48,33,71,0,25.942243542145693
45,48,33,75,0,29.546573405388315
45,48,35,77,0,30.675723300355934
45,48,37,74,0,27.202941017470888
45,48,38,71,0,24.041630560342615
45,48,38,79,0,31.78049716414141
45,48,36,74,0,27.51363298439521
45,48,33,55,0,13.892443989449804
45,48,31,55,0,15.652475842498529
45,48,37,52,0,8.94427190999916
45,48,32,54,0,14.317821063276353
45,48,30,55,0,16.55294535724685
45,48,37,52,0,8.94427190999916
45,48,30,51,0,15.297058540778355
45,48,35,54,0,11.661903789690601
45,48,39,51,0,6.708203932499369
45,48,30,56,0,17.0
45,48,36,52,0,9.848857801796104
45,48,34,50,0,11.180339887498949
45,48,33,50,0,12.165525060596439
45,48,39,53,0,7.810249675906654
45,48,31,51,0,14.317821063276353
45,48,30,56,0,17.0
45,48,39,52,0,7.211102550927978
45,48,33,50,0,12.165525060596439
45,48,34,52,0,11.704699910719626
45,48,39,53,0,7.810249675906654
45,48,30,54,0,16.15549442140351
45,48,82,39,0,38.07886552931954
45,48,84,43,0,39.319206502675
45,48,82,41,0,37.656340767525464
45,48,84,40,0,39.81205847478876
45,48,82,41,0,37.656340767525464
45,48,84,38,0,40.26164427839479
45,48,84,34,0,41.43669871020132
45,48,84,42,0,39.45883931389772
45,48,81,32,0,39.395431207184416
45,48,82,34,0,39.56008088970496
45,48,84,41,0,39.6232255123179
45,48,84,41,0,39.6232255123179
45,48,83,41,0,38.63935817272331
45,48,84,41,0,39.6232255123179
45,48,83,41,0,38.63935817272331
45,48,83,72,0,44.94441010848846
45,48,82,78,0,47.634021455258214
45,48,86,77,0,50.21951811795888
45,48,85,77,0,49.4064773081425
45,48,82,79,0,48.27007354458868
45,48,83,77,0,47.80167361086848
45,48,87,80,0,52.80151512977634
45,48,83,77,0,47.80167361086848
45,48,91,67,0,49.76946855251722
45,48,90,66,0,48.46648326421054
45,48,91,73,0,52.354560450833695
45,48,91,79,0,55.47071299343465
45,48,90,78,0,54.08326913195984
45,48,91,66,0,49.39635614091387
45,48,83,78,0,48.41487374764082
45,48,88,69,0,47.853944456021594
45,48,91,73,0,52.354560450833695
45,48,85,75,0,48.25971404805462
45,48,91,75,0,53.33854141237835
45,48,86,65,0,44.384682042344295
45,48,91,77,0,54.378304497290095
45,48,91,81,0,56.61271941887264
45,48,82,77,0,47.01063709417264
45,48,87,72,0,48.373546489791295
45,48,88,70,0,48.30113870293329
45,48,91,79,0,55.47071299343465
45,48,85,72,0,46.647615158762406
45,48,64,34,0,23.600847442411894
45,48,65,35,0,23.853720883753127
45,48,64,39,0,21.02379604162864
45,48,65,34,0,24.413111231467404
45,48,67,39,0,23.769728648009426
45,48,68,39,0,24.698178070456937
45,48,60,35,0,19.849433241279208
45,48,66,34,0,25.238858928247925
45,48,63,37,0,21.095023109728988
45,48,62,39,0,19.235384061671343
45,48,67,37,0,24.596747752497688
45,48,65,38,0,22.360679774997898
45,48,63,35,0,22.20360331117452
45,48,66,39,0,22.847319317591726
45,48,61,34,0,21.2602916254693
45,48,62,37,0,20.248456731316587
45,48,63,39,0,20.12461179749811
45,48,63,34,0,22.80350850198276
45,48,63,35,0,22.20360331117452
45,48,81,93,0,57.62811813689564
45,48,80,95,0,58.60034129593445
45,48,86,94,0,61.61980201201558
45,48,88,99,0,66.70832032063167
45,48,82,93,0,58.25804665451803
45,48,81,99,0,62.42595614005443
45,48,80,96,0,59.405386961116584
45,48,85,96,0,62.48199740725323
45,48,87,99,0,66.06814663663572
85,48,38,75,0,54.20332093147061
85,48,40,80,0,55.21775076911409
85,48,39,79,0,55.47071299343465
85,48,34,74,0,57.245087125446844
85,48,33,77,0,59.53990258641679
85,48,36,78,0,57.4543296888929
85,48,38,79,0,56.302753041036986
85,48,33,71,0,56.859475903318
85,48,33,75,0,58.59180830116101
85,48,35,77,0,57.8013840664737
85,48,37,74,0,54.589376255824725
85,48,38,71,0,52.32590180780452
85,48,38,79,0,56.302753041036986
85,48,36,74,0,55.47071299343465
85,48,33,55,0,52.46903848937962
85,48,31,55,0,54.45181356024793
85,48,37,52,0,48.16637831516918
85,48,32,54,0,53.33854141237835
85,48,30,55,0,55.44366510251645
85,48,37,52,0,48.16637831516918
85,48,30,51,0,55.08175741568164
85,48,35,54,0,50.35871324805669
85,48,39,51,0,46.09772228646444
85,48,30,56,0,55.57877292636101
85,48,36,52,0,49.16299421312742
85,48,34,50,0,51.03920062069938
85,48,33,50,0,52.03844732503075
85,48,39,53,0,46.2709412050371
85,48,31,51,0,54.08326913195984
85,48,30,56,0,55.57877292636101
85,48,39,52,0,46.17358552246078
85,48,33,50,0,52.03844732503075
85,48,34,52,0,51.15662224971465
85,48,39,53,0,46.2709412050371
85,48,30,54,0,55.326304774492215
85,48,82,39,0,9.486832980505138
85,48,84,43,0,5.0990195135927845
85,48,82,41,0,7.615773105863909
85,48,84,40,0,8.06225774829855
85,48,82,41,0,7.615773105863909
85,48,84,38,0,10.04987562112089
85,48,84,34,0,14.035668847618199
85,48,84,42,0,6.082762530298219
85,48,81,32,0,16.492422502470642
85,48,82,34,0,14.317821063276353
85,48,84,41,0,7.0710678118654755
85,48,84,41,0,7.0710678118654755
85,48,83,41,0,7.280109889280518
85,48,84,41,0,7.0710678118654755
85,48,83,41,0,7.280109889280518
85,48,83,72,0,24.08318915758459
85,48,82,78,0,30.14962686336267
85,48,86,77,0,29.017236257093817
85,48,85,77,0,29.0
85,48,82,79,0,31.144823004794873
85,48,83,77,0,29.068883707497267
85,48,87,80,0,32.0624390837628
85,48,83,77,0,29.068883707497267
85,48,91,67,0,19.924858845171276
85,48,90,66,0,18.681541692269406
85,48,91,73,0,25.709920264364882
85,48,91,79,0,31.575306807693888
85,48,90,78,0,30.4138126514911
85,48,91,66,0,18.973665961010276
85,48,83,78,0,30.066592756745816
85,48,88,69,0,21.213203435596427
85,48,91,73,0,25.709920264364882
85,48,85,75,0,27.0
85,48,91,75,0,27.65863337187866
85,48,86,65,0,17.029386365926403
85,48,91,77,0,29.614185789921695
85,48,91,81,0,33.54101966249684
85,48,82,77,0,29.154759474226502
85,48,87,72,0,24.08318915758459
85,48,88,70,0,22.20360331117452
85,48,91,79,0,31.575306807693888
85,48,85,72,0,24.0
85,48,64,34,0,25.238858928247925
85,48,65,35,0,23.853720883753127
85,48,64,39,0,22.847319317591726
85,48,65,34,0,24.413111231467404
85,48,67,39,0,20.12461179749811
85,48,68,39,0,19.235384061671343
85,48,60,35,0,28.178005607210743
85,48,66,34,0,23.600847442411894
85,48,63,37,0,24.596747752497688
85,48,62,39,0,24.698178070456937
85,48,67,37,0,21.095023109728988
85,48,65,38,0,22.360679774997898
85,48,63,35,0,25.553864678361276
85,48,66,39,0,21.02379604162864
85,48,61,34,0,27.784887978899608
85,48,62,37,0,25.495097567963924
85,48,63,39,0,23.769728648009426
85,48,63,34,0,26.076809620810597
85,48,63,35,0,25.553864678361276
85,48,81,93,0,45.17742799230607
85,48,80,95,0,47.265209192385896
85,48,86,94,0,46.010868281309364
85,48,88,99,0,51.088159097779204
85,48,82,93,0,45.09988913511872
85,48,81,99,0,51.15662224971465
85,48,80,96,0,48.25971404805462
85,48,85,96,0,48.0
85,48,87,99,0,51.03920062069938
95,48,38,75,0,63.071388124885914
95,48,40,80,0,63.631753079732135
95,48,39,79,0,64.00781202322104
95,48,34,74,0,66.30987860040162
95,48,33,77,0,68.4470598345904
95,48,36,78,0,66.18912297349165
95,48,38,79,0,64.88451279003334
95,48,33,71,0,66.12866246946176
95,48,33,75,0,67.62396025078685
95,48,35,77,0,66.64082832618455
95,48,37,74,0,63.56099432828282
95,48,38,71,0,61.465437442517235
95,48,38,79,0,64.88451279003334
95,48,36,74,0,64.47480127925948
95,48,33,55,0,62.39390995922599
95,48,31,55,0,64.38167441127949
95,48,37,52,0,58.137767414994535
95,48,32,54,0,63.28506932918696
95,48,30,55,0,65.37583651472461
95,48,37,52,0,58.137767414994535
95,48,30,51,0,65.06919393998976
95,48,35,54,0,60.29925372672534
95,48,39,51,0,56.08029957123981
95,48,30,56,0,65.49045732013177
95,48,36,52,0,59.135437767890075
95,48,34,50,0,61.032778078668514
95,48,33,50,0,62.03224967708329
95,48,39,53,0,56.22277118748239
95,48,31,51,0,64.07027391856539
95,48,30,56,0,65.49045732013177
95,48,39,52,0,56.142675390472796
95,48,33,50,0,62.03224967708329
95,48,34,52,0,61.1310068623117
95,48,39,53,0,56.22277118748239
95,48,30,54,0,65.27633568147036
95,48,82,39,0,15.811388300841896
95,48,84,43,0,12.083045973594572
95,48,82,41,0,14.7648230602334
95,48,84,40,0,13.601470508735444
95,48,82,41,0,14.7648230602334
95,48,84,38,0,14.866068747318506
95,48,84,34,0,17.804493814764857
95,48,84,42,0,12.529964086141668
95,48,81,32,0,21.2602916254693
95,48,82,34,0,19.1049731745428
95,48,84,41,0,13.038404810405298
95,48,84,41,0,13.038404810405298
95,48,83,41,0,13.892443989449804
95,48,84,41,0,13.038404810405298
95,48,83,41,0,13.892443989449804
95,48,83,72,0,26.832815729997478
95,48,82,78,0,32.69556544854363
95,48,86,77,0,30.364452901377952
95,48,85,77,0,30.675723300355934
95,48,82,79,0,33.61547262794322
95,48,83,77,0,31.38470965295043
95,48,87,80,0,32.984845004941285
95,48,83,77,0,31.38470965295043
95,48,91,67,0,19.4164878389476
95,48,90,66,0,18.681541692269406
95,48,91,73,0,25.317977802344327
95,48,91,79,0,31.25699921617557
95,48,90,78,0,30.4138126514911
95,48,91,66,0,18.439088914585774
95,48,83,78,0,32.31098884280702
95,48,88,69,0,22.135943621178654
95,48,91,73,0,25.317977802344327
95,48,85,75,0,28.792360097775937
95,48,91,75,0,27.294688127912362
95,48,86,65,0,19.235384061671343
95,48,91,77,0,29.274562336608895
95,48,91,81,0,33.24154027718932
95,48,82,77,0,31.78049716414141
95,48,87,72,0,25.298221281347036
95,48,88,70,0,23.08679276123039
95,48,91,79,0,31.25699921617557
95,48,85,72,0,26.0
95,48,64,34,0,34.0147027033899
95,48,65,35,0,32.69556544854363
95,48,64,39,0,32.28002478313795
95,48,65,34,0,33.1058907144937
95,48,67,39,0,29.410882339705484
95,48,68,39,0,28.460498941515414
95,48,60,35,0,37.33630940518894
95,48,66,34,0,32.202484376209235
95,48,63,37,0,33.83784863137726
95,48,62,39,0,34.20526275297414
95,48,67,37,0,30.083217912982647
95,48,65,38,0,31.622776601683793
95,48,63,35,0,34.539832078341085
95,48,66,39,0,30.364452901377952
95,48,61,34,0,36.76955262170047
95,48,62,37,0,34.785054261852174
95,48,63,39,0,33.24154027718932
95,48,63,34,0,34.92849839314596
95,48,63,35,0,34.539832078341085
95,48,81,93,0,47.12748667179272
95,48,80,95,0,49.33558553417604
95,48,86,94,0,46.87216658103186
95,48,88,99,0,51.478150704935004
95,48,82,93,0,46.84015371452148
95,48,81,99,0,52.88667128870941
95,48,80,96,0,50.28916384272063
95,48,85,96,0,49.03060268852505
95,48,87,99,0,51.62363799656123
25,60,38,75,0,19.849433241279208
25,60,40,80,0,25.0
25,60,39,79,0,23.600847442411894
25,60,34,74,0,16.64331697709324
25,60,33,77,0,18.788294228055936
25,60,36,78,0,21.095023109728988
25,60,38,79,0,23.021728866442675
25,60,33,71,0,13.601470508735444
25,60,33,75,0,17.0
25,60,35,77,0,19.72308292331602
25,60,37,74,0,18.439088914585774
25,60,38,71,0,17.029386365926403
25,60,38,79,0,23.021728866442675
25,60,36,74,0,17.804493814764857
25,60,33,55,0,9.433981132056603
25,60,31,55,0,7.810249675906654
25,60,37,52,0,14.422205101855956
25,60,32,54,0,9.219544457292887
25,60,30,55,0,7.0710678118654755
25,60,37,52,0,14.422205101855956
25,60,30,51,0,10.295630140987
25,60,35,54,0,11.661903789690601
25,60,39,51,0,16.64331697709324
25,60,30,56,0,6.4031242374328485
25,60,36,52,0,13.601470508735444
25,60,34,50,0,13.45362404707371
25,60,33,50,0,12.806248474865697
25,60,39,53,0,15.652475842498529
25,60,31,51,0,10.816653826391969
25,60,30,56,0,6.4031242374328485
25,60,39,52,0,16.1245154965971
25,60,33,50,0,12.806248474865697
25,60,34,52,0,12.041594578792296
25,60,39,53,0,15.652475842498529
25,60,30,54,0,7.810249675906654
25,60,82,39,0,60.74537019394976
25,60,84,43,0,61.40032573203501
25,60,82,41,0,60.08327554319921
25,60,84,40,0,62.297672508690084
25,60,82,41,0,60.08327554319921
25,60,84,38,0,62.96824596572466
25,60,84,34,0,64.47480127925948
25,60,84,42,0,61.68468205316454
25,60,81,32,0,62.609903369994115
25,60,82,34,0,62.64982043070834
25,60,84,41,0,61.98386886924694
25,60,84,41,0,61.98386886924694
25,60,83,41,0,61.032778078668514
25,60,84,41,0,61.98386886924694
25,60,83,41,0,61.032778078668514
25,60,83,72,0,59.22837157984339
25,60,82,78,0,59.77457653551382
25,60,86,77,0,63.324560795950255
25,60,85,77,0,62.36184731067546
25,60,82,79,0,60.08327554319921
25,60,83,77,0,60.440052945046304
25,60,87,80,0,65.14598989960932
25,60,83,77,0,60.440052945046304
25,60,91,67,0,66.37017402418047
25,60,90,66,0,65.27633568147036
25,60,91,73,0,67.26812023536856
25,60,91,79,0,68.6804193347711
25,60,90,78,0,67.446274915669
25,60,91,66,0,66.27216610312357
25,60,83,78,0,60.728905802755904
25,60,88,69,0,63.63961030678928
25,60,91,73,0,67.26812023536856
25,60,85,75,0,61.84658438426491
25,60,91,75,0,67.68308503607086
25,60,86,65,0,61.204574992397426
25,60,91,77,0,68.15423684555495
25,60,91,81,0,69.26037828369117
25,60,82,77,0,59.481089431852205
25,60,87,72,0,63.150613615387776
25,60,88,70,0,63.788713735268246
25,60,91,79,0,68.6804193347711
25,60,85,72,0,61.18823416311342
25,60,64,34,0,46.87216658103186
25,60,65,35,0,47.16990566028302
25,60,64,39,0,44.294469180700204
25,60,65,34,0,47.70744176750625
25,60,67,39,0,46.95742752749558
25,60,68,39,0,47.853944456021594
25,60,60,35,0,43.01162633521314
25,60,66,34,0,48.54894437575342
25,60,63,37,0,44.41846462902562
25,60,62,39,0,42.5440947723653
25,60,67,37,0,47.885279575251516
25,60,65,38,0,45.65084884205331
25,60,63,35,0,45.48626166217664
25,60,66,39,0,46.06517122512408
25,60,61,34,0,44.40720662234904
25,60,62,37,0,43.56604182158393
25,60,63,39,0,43.41658669218482
25,60,63,34,0,46.04345773288535
25,60,63,35,0,45.48626166217664
25,60,81,93,0,65.0
25,60,80,95,0,65.19202405202648
25,60,86,94,0,69.83552104767315
25,60,88,99,0,74.09453421137081
25,60,82,93,0,65.86349520030045
25,60,81,99,0,68.24221567329127
25,60,80,96,0,65.73431371817918
25,60,85,96,0,69.9714227381436
25,60,87,99,0,73.24616030891995
65,60,38,75,0,30.886890422961002
65,60,40,80,0,32.01562118716424
65,60,39,79,0,32.202484376209235
65,60,34,74,0,34.0147027033899
65,60,33,77,0,36.235341863986875
65,60,36,78,0,34.132096331752024
65,60,38,79,0,33.015148038438355
65,60,33,71,0,33.83784863137726
65,60,33,75,0,35.34119409414458
65,60,35,77,0,34.48187929913333
65,60,37,74,0,31.304951684997057
65,60,38,71,0,29.154759474226502
65,60,38,79,0,33.015148038438355
65,60,36,74,0,32.202484376209235
65,60,33,55,0,32.38826948140329
65,60,31,55,0,34.36568055487916
65,60,37,52,0,29.120439557122072
65,60,32,54,0,33.54101966249684
65,60,30,55,0,35.35533905932738
65,60,37,52,0,29.120439557122072
65,60,30,51,0,36.138621999185304
65,60,35,54,0,30.59411708155671
65,60,39,51,0,27.51363298439521
65,60,30,56,0,35.22782990761707
65,60,36,52,0,30.083217912982647
65,60,34,50,0,32.57299494980466
65,60,33,50,0,33.52610922848042
65,60,39,53,0,26.92582403567252
65,60,31,51,0,35.17101079013795
65,60,30,56,0,35.22782990761707
65,60,39,52,0,27.202941017470888
65,60,33,50,0,33.52610922848042
65,60,34,52,0,32.01562118716424
65,60,39,53,0,26.92582403567252
65,60,30,54,0,35.510561809129406
65,60,82,39,0,27.018512172212592
65,60,84,43,0,25.495097567963924
65,60,82,41,0,25.495097567963924
65,60,84,40,0,27.586228448267445
65,60,82,41,0,25.495097567963924
65,60,84,38,0,29.068883707497267
65,60,84,34,0,32.202484376209235
65,60,84,42,0,26.1725046566048
65,60,81,32,0,32.2490309931942
65,60,82,34,0,31.064449134018133
65,60,84,41,0,26.870057685088806
65,60,84,41,0,26.870057685088806
65,60,83,41,0,26.1725046566048
65,60,84,41,0,26.870057685088806
65,60,83,41,0,26.1725046566048
65,60,83,72,0,21.633307652783937
65,60,82,78,0,24.758836806279895
65,60,86,77,0,27.018512172212592
65,60,85,77,0,26.248809496813376
65,60,82,79,0,25.495097567963924
65,60,83,77,0,24.758836806279895
65,60,87,80,0,29.732137494637012
65,60,83,77,0,24.758836806279895
65,60,91,67,0,26.92582403567252
65,60,90,66,0,25.709920264364882
65,60,91,73,0,29.068883707497267
65,60,91,79,0,32.202484376209235
65,60,90,78,0,30.805843601498726
65,60,91,66,0,26.68332812825267
65,60,83,78,0,25.45584412271571
65,60,88,69,0,24.698178070456937
65,60,91,73,0,29.068883707497267
65,60,85,75,0,25.0
65,60,91,75,0,30.01666203960727
65,60,86,65,0,21.587033144922902
65,60,91,77,0,31.064449134018133
65,60,91,81,0,33.421549934136806
65,60,82,77,0,24.041630560342615
65,60,87,72,0,25.059928172283335
65,60,88,70,0,25.079872407968907
65,60,91,79,0,32.202484376209235
65,60,85,72,0,23.323807579381203
65,60,64,34,0,26.019223662515376
65,60,65,35,0,25.0
65,60,64,39,0,21.02379604162864
65,60,65,34,0,26.0
65,60,67,39,0,21.095023109728988
65,60,68,39,0,21.213203435596427
65,60,60,35,0,25.495097567963924
65,60,66,34,0,26.019223662515376
65,60,63,37,0,23.08679276123039
65,60,62,39,0,21.213203435596427
65,60,67,37,0,23.08679276123039
65,60,65,38,0,22.0
65,60,63,35,0,25.079872407968907
65,60,66,39,0,21.02379604162864
65,60,61,34,0,26.30589287593181
65,60,62,37,0,23.194827009486403
65,60,63,39,0,21.095023109728988
65,60,63,34,0,26.076809620810597
65,60,63,35,0,25.079872407968907
65,60,81,93,0,36.6742416417845
65,60,80,95,0,38.07886552931954
65,60,86,94,0,39.96248240537617
65,60,88,99,0,45.27692569068709
65,60,82,93,0,37.12142238654117
65,60,81,99,0,42.15447781671598
65,60,80,96,0,39.0
65,60,85,96,0,41.182520563948
65,60,87,99,0,44.77722635447622
95,60,38,75,0,58.9406481131655
95,60,40,80,0,58.52349955359813
95,60,39,79,0,59.135437767890075
95,60,34,74,0,62.5859409132754
95,60,33,77,0,64.28841264178172
95,60,36,78,0,61.68468205316454
95,60,38,79,0,60.08327554319921
95,60,33,71,0,62.96824596572466
95,60,33,75,0,63.788713735268246
95,60,35,77,0,62.36184731067546
95,60,37,74,0,59.665735560705194
95,60,38,71,0,58.05170109479997
95,60,38,79,0,60.08327554319921
95,60,36,74,0,60.63827174318213
95,60,33,55,0,62.20128616033595
95,60,31,55,0,64.19501538281614
95,60,37,52,0,58.54912467321779
95,60,32,54,0,63.28506932918696
95,60,30,55,0,65.19202405202648
95,60,37,52,0,58.54912467321779
95,60,30,51,0,65.62011886609167
95,60,35,54,0,60.29925372672534
95,60,39,51,0,56.71860364994893
95,60,30,56,0,65.12296062065974
95,60,36,52,0,59.53990258641679
95,60,34,50,0,61.814237842102365
95,60,33,50,0,62.80127387243033
95,60,39,53,0,56.43580423808985
95,60,31,51,0,64.6297145282261
95,60,30,56,0,65.12296062065974
95,60,39,52,0,56.568542494923804
95,60,33,50,0,62.80127387243033
95,60,34,52,0,61.5223536610881
95,60,39,53,0,56.43580423808985
95,60,30,54,0,65.27633568147036
95,60,82,39,0,24.698178070456937
95,60,84,43,0,20.248456731316587
95,60,82,41,0,23.021728866442675
95,60,84,40,0,22.825424421026653
95,60,82,41,0,23.021728866442675
95,60,84,38,0,24.596747752497688
95,60,84,34,0,28.231188426986208
95,60,84,42,0,21.095023109728988
95,60,81,32,0,31.304951684997057
95,60,82,34,0,29.068883707497267
95,60,84,41,0,21.95449840010015
95,60,84,41,0,21.95449840010015
95,60,83,41,0,22.47220505424423
95,60,84,41,0,21.95449840010015
95,60,83,41,0,22.47220505424423
95,60,83,72,0,16.97056274847714
95,60,82,78,0,22.20360331117452
95,60,86,77,0,19.235384061671343
95,60,85,77,0,19.72308292331602
95,60,82,79,0,23.021728866442675
95,60,83,77,0,20.808652046684813
95,60,87,80,0,21.540659228538015
95,60,83,77,0,20.808652046684813
95,60,91,67,0,8.06225774829855
95,60,90,66,0,7.810249675906654
95,60,91,73,0,13.601470508735444
95,60,91,79,0,19.4164878389476
95,60,90,78,0,18.681541692269406
95,60,91,66,0,7.211102550927978
95,60,83,78,0,21.633307652783937
95,60,88,69,0,11.40175425099138
95,60,91,73,0,13.601470508735444
95,60,85,75,0,18.027756377319946
95,60,91,75,0,15.524174696260024
95,60,86,65,0,10.295630140987
95,60,91,77,0,17.46424919657298
95,60,91,81,0,21.37755832643195
95,60,82,77,0,21.400934559032695
95,60,87,72,0,14.422205101855956
95,60,88,70,0,12.206555615733702
95,60,91,79,0,19.4164878389476
95,60,85,72,0,15.620499351813308
95,60,64,34,0,40.45985664828782
95,60,65,35,0,39.05124837953327
95,60,64,39,0,37.44329045369811
95,60,65,34,0,39.698866482558415
95,60,67,39,0,35.0
95,60,68,39,0,34.20526275297414
95,60,60,35,0,43.01162633521314
95,60,66,34,0,38.948684188300895
95,60,63,37,0,39.408120990476064
95,60,62,39,0,39.11521443121589
95,60,67,37,0,36.235341863986875
95,60,65,38,0,37.20215047547655
95,60,63,35,0,40.607881008493905
95,60,66,39,0,35.805027579936315
95,60,61,34,0,42.80186911806539
95,60,62,37,0,40.22437072223753
95,60,63,39,0,38.27531841800928
95,60,63,34,0,41.23105625617661
95,60,63,35,0,40.607881008493905
95,60,81,93,0,35.84689665786984
95,60,80,95,0,38.07886552931954
95,60,86,94,0,35.17101079013795
95,60,88,99,0,39.6232255123179
95,60,82,93,0,35.4682957019364
95,60,81,99,0,41.43669871020132
95,60,80,96,0,39.0
95,60,85,96,0,37.36308338453881
95,60,87,99,0,39.81205847478876
25,71,38,75,0,13.601470508735444
25,71,40,80,0,17.4928556845359
25,71,39,79,0,16.1245154965971
25,71,34,74,0,9.486832980505138
25,71,33,77,0,10.0
25,71,36,78,0,13.038404810405298
25,71,38,79,0,15.264337522473747
25,71,33,71,0,8.0
25,71,33,75,0,8.94427190999916
25,71,35,77,0,11.661903789690601
25,71,37,74,0,12.36931687685298
25,71,38,71,0,13.0
25,71,38,79,0,15.264337522473747
25,71,36,74,0,11.40175425099138
25,71,33,55,0,17.88854381999832
25,71,31,55,0,17.08800749063506
25,71,37,52,0,22.47220505424423
25,71,32,54,0,18.384776310850235
25,71,30,55,0,16.76305461424021
25,71,37,52,0,22.47220505424423
25,71,30,51,0,20.615528128088304
25,71,35,54,0,19.72308292331602
25,71,39,51,0,24.413111231467404
25,71,30,56,0,15.811388300841896
25,71,36,52,0,21.95449840010015
25,71,34,50,0,22.847319317591726
25,71,33,50,0,22.47220505424423
25,71,39,53,0,22.80350850198276
25,71,31,51,0,20.8806130178211
25,71,30,56,0,15.811388300841896
25,71,39,52,0,23.600847442411894
25,71,33,50,0,22.47220505424423
25,71,34,52,0,21.02379604162864
25,71,39,53,0,22.80350850198276
25,71,30,54,0,17.72004514666935
25,71,82,39,0,65.36818798161687
25,71,84,43,0,65.30696746902278
25,71,82,41,0,64.41273166075166
25,71,84,40,0,66.64833081180653
25,71,82,41,0,64.41273166075166
25,71,84,38,0,67.60177512462228
25,71,84,34,0,69.6419413859206
25,71,84,42,0,65.7419196555744
25,71,81,32,0,68.24221567329127
25,71,82,34,0,67.95586803212802
25,71,84,41,0,66.18912297349165
25,71,84,41,0,66.18912297349165
25,71,83,41,0,65.29931086925804
25,71,84,41,0,66.18912297349165
25,71,83,41,0,65.29931086925804
25,71,83,72,0,58.008620049092706
25,71,82,78,0,57.42821606144492
25,71,86,77,0,61.29437168288782
25,71,85,77,0,60.29925372672534
25,71,82,79,0,57.55866572463264
25,71,83,77,0,58.309518948453004
25,71,87,80,0,62.64982043070834
25,71,83,77,0,58.309518948453004
25,71,91,67,0,66.12110101926616
25,71,90,66,0,65.19202405202648
25,71,91,73,0,66.03029607687671
25,71,91,79,0,66.48308055437865
25,71,90,78,0,65.37583651472461
25,71,91,66,0,66.18912297349165
25,71,83,78,0,58.42088667591412
25,71,88,69,0,63.0317380372777
25,71,91,73,0,66.03029607687671
25,71,85,75,0,60.13318551349163
25,71,91,75,0,66.12110101926616
25,71,86,65,0,61.29437168288782
25,71,91,77,0,66.27216610312357
25,71,91,81,0,66.75327707311455
25,71,82,77,0,57.3149195236284
25,71,87,72,0,62.00806399170998
25,71,88,70,0,63.00793600809346
25,71,91,79,0,66.48308055437865
25,71,85,72,0,60.00833275470999
25,71,64,34,0,53.75872022286245
25,71,65,35,0,53.81449618829484
25,71,64,39,0,50.44799302251776
25,71,65,34,0,54.48853090330111
25,71,67,39,0,52.80151512977634
25,71,68,39,0,53.600373133029585
25,71,60,35,0,50.20956084253277
25,71,66,34,0,55.226805085936306
25,71,63,37,0,50.99019513592785
25,71,62,39,0,48.91829923454004
25,71,67,37,0,54.037024344425184
25,71,65,38,0,51.85556864985669
25,71,63,35,0,52.3450093132096
25,71,66,39,0,52.009614495783374
25,71,61,34,0,51.62363799656123
25,71,62,37,0,50.24937810560445
25,71,63,39,0,49.678969393496885
25,71,63,34,0,53.03772242470448
25,71,63,35,0,52.3450093132096
25,71,81,93,0,60.166435825965294
25,71,80,95,0,60.00833275470999
25,71,86,94,0,65.19202405202648
25,71,88,99,0,68.94200461257273
25,71,82,93,0,61.09828148156051
25,71,81,99,0,62.609903369994115
25,71,80,96,0,60.41522986797286
25,71,85,96,0,65.0
25,71,87,99,0,68.0294054067798
35,71,38,75,0,5.0
35,71,40,80,0,10.295630140987
35,71,39,79,0,8.94427190999916
35,71,34,74,0,3.1622776601683795
35,71,33,77,0,6.324555320336759
35,71,36,78,0,7.0710678118654755
35,71,38,79,0,8.54400374531753
35,71,33,71,0,2.0
35,71,33,75,0,4.47213595499958
35,71,35,77,0,6.0
35,71,37,74,0,3.605551275463989
35,71,38,71,0,3.0
35,71,38,79,0,8.54400374531753
35,71,36,74,0,3.1622776601683795
35,71,33,55,0,16.1245154965971
35,71,31,55,0,16.492422502470642
35,71,37,52,0,19.1049731745428
35,71,32,54,0,17.26267650163207
35,71,30,55,0,16.76305461424021
35,71,37,52,0,19.1049731745428
35,71,30,51,0,20.615528128088304
35,71,35,54,0,17.0
35,71,39,51,0,20.396078054371138
35,71,30,56,0,15.811388300841896
35,71,36,52,0,19.026297590440446
35,71,34,50,0,21.02379604162864
35,71,33,50,0,21.095023109728988
35,71,39,53,0,18.439088914585774
35,71,31,51,0,20.396078054371138
35,71,30,56,0,15.811388300841896
35,71,39,52,0,19.4164878389476
35,71,33,50,0,21.095023109728988
35,71,34,52,0,19.026297590440446
35,71,39,53,0,18.439088914585774
35,71,30,54,0,17.72004514666935
35,71,82,39,0,56.859475903318
35,71,84,43,0,56.43580423808985
35,71,82,41,0,55.758407437802596
35,71,84,40,0,57.982756057296896
35,71,82,41,0,55.758407437802596
35,71,84,38,0,59.07622195096772
35,71,84,34,0,61.40032573203501
35,71,84,42,0,56.938563381947034
35,71,81,32,0,60.30754513325841
35,71,82,34,0,59.81638571495272
35,71,84,41,0,57.4543296888929
35,71,84,41,0,57.4543296888929
35,71,83,41,0,56.60388679233962
35,71,84,41,0,57.4543296888929
35,71,83,41,0,56.60388679233962
35,71,83,72,0,48.010415536631214
35,71,82,78,0,47.51841748206689
35,71,86,77,0,51.35172830587107
35,71,85,77,0,50.35871324805669
35,71,82,79,0,47.67598976424087
35,71,83,77,0,48.373546489791295
35,71,87,80,0,52.773099207835045
35,71,83,77,0,48.373546489791295
35,71,91,67,0,56.142675390472796
35,71,90,66,0,55.226805085936306
35,71,91,73,0,56.0357029044876
35,71,91,79,0,56.568542494923804
35,71,90,78,0,55.44366510251645
35,71,91,66,0,56.22277118748239
35,71,83,78,0,48.507731342539614
35,71,88,69,0,53.03772242470448
35,71,91,73,0,56.0357029044876
35,71,85,75,0,50.15974481593781
35,71,91,75,0,56.142675390472796
35,71,86,65,0,51.35172830587107
35,71,91,77,0,56.32051136131489
35,71,91,81,0,56.88585061331157
35,71,82,77,0,47.38143096192854
35,71,87,72,0,52.009614495783374
35,71,88,70,0,53.009433122794285
35,71,91,79,0,56.568542494923804
35,71,85,72,0,50.00999900019995
35,71,64,34,0,47.01063709417264
35,71,65,35,0,46.861498055439924
35,71,64,39,0,43.18564576337837
35,71,65,34,0,47.634021455258214
35,71,67,39,0,45.254833995939045
35,71,68,39,0,45.967379738244816
35,71,60,35,0,43.829214001622255
35,71,66,34,0,48.27007354458868
35,71,63,37,0,44.04543109109048
35,71,62,39,0,41.86884283091664
35,71,67,37,0,46.69047011971501
35,71,65,38,0,44.598206241955516
35,71,63,35,0,45.60701700396552
35,71,66,39,0,44.553338819890925
35,71,61,34,0,45.221676218380054
35,71,62,37,0,43.41658669218482
35,71,63,39,0,42.5205832509386
35,71,63,34,0,46.400431032480725
35,71,63,35,0,45.60701700396552
35,71,81,93,0,50.99019513592785
35,71,80,95,0,51.0
35,71,86,94,0,55.94640292279746
35,71,88,99,0,59.941638282582836
35,71,82,93,0,51.894122981316485
35,71,81,99,0,53.85164807134504
35,71,80,96,0,51.478150704935004
35,71,85,96,0,55.90169943749474
35,71,87,99,0,59.0592922409336
65,71,38,75,0,27.294688127912362
65,71,40,80,0,26.570660511172846
65,71,39,79,0,27.202941017470888
65,71,34,74,0,31.144823004794873
65,71,33,77,0,32.55764119219941
65,71,36,78,0,29.832867780352597
65,71,38,79,0,28.160255680657446
65,71,33,71,0,32.0
65,71,33,75,0,32.2490309931942
65,71,35,77,0,30.59411708155671
65,71,37,74,0,28.160255680657446
65,71,38,71,0,27.0
65,71,38,79,0,28.160255680657446
65,71,36,74,0,29.154759474226502
65,71,33,55,0,35.77708763999664
65,71,31,55,0,37.57658845611187
65,71,37,52,0,33.83784863137726
65,71,32,54,0,37.12142238654117
65,71,30,55,0,38.48376280978771
65,71,37,52,0,33.83784863137726
65,71,30,51,0,40.311288741492746
65,71,35,54,0,34.48187929913333
65,71,39,51,0,32.802438933713454
65,71,30,56,0,38.07886552931954
65,71,36,52,0,34.66987164671943
65,71,34,50,0,37.44329045369811
65,71,33,50,0,38.27531841800928
65,71,39,53,0,31.622776601683793
65,71,31,51,0,39.44616584663204
65,71,30,56,0,38.07886552931954
65,71,39,52,0,32.202484376209235
65,71,33,50,0,38.27531841800928
65,71,34,52,0,36.359317925395686
65,71,39,53,0,31.622776601683793
65,71,30,54,0,38.91015291668744
65,71,82,39,0,36.235341863986875
65,71,84,43,0,33.83784863137726
65,71,82,41,0,34.48187929913333
65,71,84,40,0,36.359317925395686
65,71,82,41,0,34.48187929913333
65,71,84,38,0,38.07886552931954
65,71,84,34,0,41.593268686170845
65,71,84,42,0,34.66987164671943
65,71,81,32,0,42.15447781671598
65,71,82,34,0,40.718546143004666
65,71,84,41,0,35.510561809129406
65,71,84,41,0,35.510561809129406
65,71,83,41,0,34.9857113690718
65,71,84,41,0,35.510561809129406
65,71,83,41,0,34.9857113690718
65,71,83,72,0,18.027756377319946
65,71,82,78,0,18.384776310850235
65,71,86,77,0,21.840329667841555
65,71,85,77,0,20.8806130178211
65,71,82,79,0,18.788294228055936
65,71,83,77,0,18.973665961010276
65,71,87,80,0,23.769728648009426
65,71,83,77,0,18.973665961010276
65,71,91,67,0,26.30589287593181
65,71,90,66,0,25.495097567963924
65,71,91,73,0,26.076809620810597
65,71,91,79,0,27.202941017470888
65,71,90,78,0,25.96150997149434
65,71,91,66,0,26.476404589747453
65,71,83,78,0,19.313207915827967
65,71,88,69,0,23.08679276123039
65,71,91,73,0,26.076809620810597
65,71,85,75,0,20.396078054371138
65,71,91,75,0,26.30589287593181
65,71,86,65,0,21.840329667841555
65,71,91,77,0,26.68332812825267
65,71,91,81,0,27.85677655436824
65,71,82,77,0,18.027756377319946
65,71,87,72,0,22.02271554554524
65,71,88,70,0,23.021728866442675
65,71,91,79,0,27.202941017470888
65,71,85,72,0,20.024984394500787
65,71,64,34,0,37.013511046643494
65,71,65,35,0,36.0
65,71,64,39,0,32.01562118716424
65,71,65,34,0,37.0
65,71,67,39,0,32.0624390837628
65,71,68,39,0,32.14031735997639
65,71,60,35,0,36.345563690772494
65,71,66,34,0,37.013511046643494
65,71,63,37,0,34.058772731852805
65,71,62,39,0,32.14031735997639
65,71,67,37,0,34.058772731852805
65,71,65,38,0,33.0
65,71,63,35,0,36.05551275463989
65,71,66,39,0,32.01562118716424
65,71,61,34,0,37.21558813185679
65,71,62,37,0,34.132096331752024
65,71,63,39,0,32.0624390837628
65,71,63,34,0,37.05401462729781
65,71,63,35,0,36.05551275463989
65,71,81,93,0,27.202941017470888
65,71,80,95,0,28.30194339616981
65,71,86,94,0,31.144823004794873
65,71,88,99,0,36.235341863986875
65,71,82,93,0,27.80287754891569
65,71,81,99,0,32.2490309931942
65,71,80,96,0,29.154759474226502
65,71,85,96,0,32.01562118716424
65,71,87,99,0,35.608987629529715
85,71,38,75,0,47.16990566028302
85,71,40,80,0,45.89117562233506
85,71,39,79,0,46.69047011971501
85,71,34,74,0,51.088159097779204
85,71,33,77,0,52.3450093132096
85,71,36,78,0,49.49747468305833
85,71,38,79,0,47.67598976424087
85,71,33,71,0,52.0
85,71,33,75,0,52.15361924162119
85,71,35,77,0,50.35871324805669
85,71,37,74,0,48.093658625644196
85,71,38,71,0,47.0
85,71,38,79,0,47.67598976424087
85,71,36,74,0,49.09175083453431
85,71,33,55,0,54.405882034941776
85,71,31,55,0,56.32051136131489
85,71,37,52,0,51.62363799656123
85,71,32,54,0,55.65968020030299
85,71,30,55,0,57.28001396647874
85,71,37,52,0,51.62363799656123
85,71,30,51,0,58.52349955359813
85,71,35,54,0,52.81098370604357
85,71,39,51,0,50.15974481593781
85,71,30,56,0,57.0087712549569
85,71,36,52,0,52.55473337388365
85,71,34,50,0,55.154328932550705
85,71,33,50,0,56.08029957123981
85,71,39,53,0,49.39635614091387
85,71,31,51,0,57.584720195551874
85,71,30,56,0,57.0087712549569
85,71,39,52,0,49.76946855251722
85,71,33,50,0,56.08029957123981
85,71,34,52,0,54.42425929675111
85,71,39,53,0,49.39635614091387
85,71,30,54,0,57.56735185849702
85,71,82,39,0,32.14031735997639
85,71,84,43,0,28.0178514522438
85,71,82,41,0,30.14962686336267
85,71,84,40,0,31.016124838541646
85,71,82,41,0,30.14962686336267
85,71,84,38,0,33.015148038438355
85,71,84,34,0,37.013511046643494
85,71,84,42,0,29.017236257093817
85,71,81,32,0,39.20459156782532
85,71,82,34,0,37.12142238654117
85,71,84,41,0,30.01666203960727
85,71,84,41,0,30.01666203960727
85,71,83,41,0,30.066592756745816
85,71,84,41,0,30.01666203960727
85,71,83,41,0,30.066592756745816
85,71,83,72,0,2.23606797749979
85,71,82,78,0,7.615773105863909
85,71,86,77,0,6.082762530298219
85,71,85,77,0,6.0
85,71,82,79,0,8.54400374531753
85,71,83,77,0,6.324555320336759
85,71,87,80,0,9.219544457292887
85,71,83,77,0,6.324555320336759
85,71,91,67,0,7.211102550927978
85,71,90,66,0,7.0710678118654755
85,71,91,73,0,6.324555320336759
85,71,91,79,0,10.0
85,71,90,78,0,8.602325267042627
85,71,91,66,0,7.810249675906654
85,71,83,78,0,7.280109889280518
85,71,88,69,0,3.605551275463989
85,71,91,73,0,6.324555320336759
85,71,85,75,0,4.0
85,71,91,75,0,7.211102550927978
85,71,86,65,0,6.082762530298219
85,71,91,77,0,8.48528137423857
85,71,91,81,0,11.661903789690601
85,71,82,77,0,6.708203932499369
85,71,87,72,0,2.23606797749979
85,71,88,70,0,3.1622776601683795
85,71,91,79,0,10.0
85,71,85,72,0,1.0
85,71,64,34,0,42.5440947723653
85,71,65,35,0,41.182520563948
85,71,64,39,0,38.27531841800928
85,71,65,34,0,42.05948168962618
85,71,67,39,0,36.71511950137164
85,71,68,39,0,36.235341863986875
85,71,60,35,0,43.829214001622255
85,71,66,34,0,41.593268686170845
85,71,63,37,0,40.496913462633174
85,71,62,39,0,39.408120990476064
85,71,67,37,0,38.47076812334269
85,71,65,38,0,38.58756276314948
85,71,63,35,0,42.190046219457976
85,71,66,39,0,37.21558813185679
85,71,61,34,0,44.10215414239989
85,71,62,37,0,41.048751503547585
85,71,63,39,0,38.8329756778952
85,71,63,34,0,43.04648650006177
85,71,63,35,0,42.190046219457976
85,71,81,93,0,22.360679774997898
85,71,80,95,0,24.515301344262525
85,71,86,94,0,23.021728866442675
85,71,88,99,0,28.160255680657446
85,71,82,93,0,22.20360331117452
85,71,81,99,0,28.284271247461902
85,71,80,96,0,25.495097567963924
85,71,85,96,0,25.0
85,71,87,99,0,28.071337695236398
95,71,38,75,0,57.14017850864661
95,71,40,80,0,55.731499172371095
95,71,39,79,0,56.568542494923804
95,71,34,74,0,61.07372593840988
95,71,33,77,0,62.289646009589745
95,71,36,78,0,59.413803110051795
95,71,38,79,0,57.55866572463264
95,71,33,71,0,62.0
95,71,33,75,0,62.12889826803627
95,71,35,77,0,60.29925372672534
95,71,37,74,0,58.077534382926416
95,71,38,71,0,57.0
95,71,38,79,0,57.55866572463264
95,71,36,74,0,59.07622195096772
95,71,33,55,0,64.03124237432849
95,71,31,55,0,65.96969000988257
95,71,37,52,0,61.032778078668514
95,71,32,54,0,65.25335240430181
95,71,30,55,0,66.94027188471824
95,71,37,52,0,61.032778078668514
95,71,30,51,0,68.00735254367721
95,71,35,54,0,62.36184731067546
95,71,39,51,0,59.464274989274024
95,71,30,56,0,66.70832032063167
95,71,36,52,0,61.98386886924694
95,71,34,50,0,64.51356446515724
95,71,33,50,0,65.45991139621256
95,71,39,53,0,58.82176467941097
95,71,31,51,0,67.05221845696084
95,71,30,56,0,66.70832032063167
95,71,39,52,0,59.135437767890075
95,71,33,50,0,65.45991139621256
95,71,34,52,0,63.89053137985315
95,71,39,53,0,58.82176467941097
95,71,30,54,0,67.1863081289633
95,71,82,39,0,34.539832078341085
95,71,84,43,0,30.083217912982647
95,71,82,41,0,32.69556544854363
95,71,84,40,0,32.89376840679705
95,71,82,41,0,32.69556544854363
95,71,84,38,0,34.785054261852174
95,71,84,34,0,38.600518131237564
95,71,84,42,0,31.016124838541646
95,71,81,32,0,41.43669871020132
95,71,82,34,0,39.21734310225516
95,71,84,41,0,31.953090617340916
95,71,84,41,0,31.953090617340916
95,71,83,41,0,32.31098884280702
95,71,84,41,0,31.953090617340916
95,71,83,41,0,32.31098884280702
95,71,83,72,0,12.041594578792296
95,71,82,78,0,14.7648230602334
95,71,86,77,0,10.816653826391969
95,71,85,77,0,11.661903789690601
95,71,82,79,0,15.264337522473747
95,71,83,77,0,13.416407864998739
95,71,87,80,0,12.041594578792296
95,71,83,77,0,13.416407864998739
95,71,91,67,0,5.656854249492381
95,71,90,66,0,7.0710678118654755
95,71,91,73,0,4.47213595499958
95,71,91,79,0,8.94427190999916
95,71,90,78,0,8.602325267042627
95,71,91,66,0,6.4031242374328485
95,71,83,78,0,13.892443989449804
95,71,88,69,0,7.280109889280518
95,71,91,73,0,4.47213595499958
95,71,85,75,0,10.770329614269007
95,71,91,75,0,5.656854249492381
95,71,86,65,0,10.816653826391969
95,71,91,77,0,7.211102550927978
95,71,91,81,0,10.770329614269007
95,71,82,77,0,14.317821063276353
95,71,87,72,0,8.06225774829855
95,71,88,70,0,7.0710678118654755
95,71,91,79,0,8.94427190999916
95,71,85,72,0,10.04987562112089
95,71,64,34,0,48.27007354458868
95,71,65,35,0,46.861498055439924
95,71,64,39,0,44.553338819890925
95,71,65,34,0,47.634021455258214
95,71,67,39,0,42.5205832509386
95,71,68,39,0,41.86884283091664
95,71,60,35,0,50.20956084253277
95,71,66,34,0,47.01063709417264
95,71,63,37,0,46.69047011971501
95,71,62,39,0,45.967379738244816
95,71,67,37,0,44.04543109109048
95,71,65,38,0,44.598206241955516
95,71,63,35,0,48.16637831516918
95,71,66,39,0,43.18564576337837
95,71,61,34,0,50.24937810560445
95,71,62,37,0,47.38143096192854
95,71,63,39,0,45.254833995939045
95,71,63,34,0,48.91829923454004
95,71,63,35,0,48.16637831516918
95,71,81,93,0,26.076809620810597
95,71,80,95,0,28.30194339616981
95,71,86,94,0,24.698178070456937
95,71,88,99,0,28.861739379323623
95,71,82,93,0,25.553864678361276
95,71,81,99,0,31.304951684997057
95,71,80,96,0,29.154759474226502
95,71,85,96,0,26.92582403567252
95,71,87,99,0,29.120439557122072
25,83,38,75,0,15.264337522473747
25,83,40,80,0,15.297058540778355
25,83,39,79,0,14.560219778561036
25,83,34,74,0,12.727922061357855
25,83,33,77,0,10.0
25,83,36,78,0,12.083045973594572
25,83,38,79,0,13.601470508735444
25,83,33,71,0,14.422205101855956
25,83,33,75,0,11.313708498984761
25,83,35,77,0,11.661903789690601
25,83,37,74,0,15.0
25,83,38,71,0,17.69180601295413
25,83,38,79,0,13.601470508735444
25,83,36,74,0,14.212670403551895
25,83,33,55,0,29.120439557122072
25,83,31,55,0,28.635642126552707
25,83,37,52,0,33.24154027718932
25,83,32,54,0,29.832867780352597
25,83,30,55,0,28.442925306655784
25,83,37,52,0,33.24154027718932
25,83,30,51,0,32.38826948140329
25,83,35,54,0,30.675723300355934
25,83,39,51,0,34.92849839314596
25,83,30,56,0,27.459060435491963
25,83,36,52,0,32.89376840679705
25,83,34,50,0,34.20526275297414
25,83,33,50,0,33.95585369269929
25,83,39,53,0,33.1058907144937
25,83,31,51,0,32.55764119219941
25,83,30,56,0,27.459060435491963
25,83,39,52,0,34.0147027033899
25,83,33,50,0,33.95585369269929
25,83,34,52,0,32.28002478313795
25,83,39,53,0,33.1058907144937
25,83,30,54,0,29.427877939124322
25,83,82,39,0,72.00694410957877
25,83,84,43,0,71.28113354878694
25,83,82,41,0,70.80254232723568
25,83,84,40,0,73.00684899377592
25,83,82,41,0,70.80254232723568
25,83,84,38,0,74.2024258363566
25,83,84,34,0,76.69419795525604
25,83,84,42,0,71.84705978674423
25,83,81,32,0,75.7429864739964
25,83,82,34,0,75.16648189186454
25,83,84,41,0,72.42237223399962
25,83,84,41,0,72.42237223399962
25,83,83,41,0,71.61005515987263
25,83,84,41,0,72.42237223399962
25,83,83,41,0,71.61005515987263
25,83,83,72,0,59.033888572581766
25,83,82,78,0,57.21887800367987
25,83,86,77,0,61.29437168288782
25,83,85,77,0,60.29925372672534
25,83,82,79,0,57.14017850864661
25,83,83,77,0,58.309518948453004
25,83,87,80,0,62.07253821135398
25,83,83,77,0,58.309518948453004
25,83,91,67,0,67.91170738539859
25,83,90,66,0,67.1863081289633
25,83,91,73,0,66.75327707311455
25,83,91,79,0,66.12110101926616
25,83,90,78,0,65.19202405202648
25,83,91,66,0,68.15423684555495
25,83,83,78,0,58.215118311311535
25,83,88,69,0,64.53681120105021
25,83,91,73,0,66.75327707311455
25,83,85,75,0,60.530983801686226
25,83,91,75,0,66.48308055437865
25,83,86,65,0,63.60031446463138
25,83,91,77,0,66.27216610312357
25,83,91,81,0,66.03029607687671
25,83,82,77,0,57.3149195236284
25,83,87,72,0,62.96824596572466
25,83,88,70,0,64.32728814430156
25,83,91,79,0,66.12110101926616
25,83,85,72,0,61.0
25,83,64,34,0,62.625873247404705
25,83,65,35,0,62.48199740725323
25,83,64,39,0,58.7962583843564
25,83,65,34,0,63.25345840347388
25,83,67,39,0,60.8276253029822
25,83,68,39,0,61.5223536610881
25,83,60,35,0,59.405386961116584
25,83,66,34,0,63.89053137985315
25,83,63,37,0,59.665735560705194
25,83,62,39,0,57.48912940721924
25,83,67,37,0,62.289646009589745
25,83,65,38,0,60.207972893961475
25,83,63,35,0,61.220911460055866
25,83,66,39,0,60.14149981501958
25,83,61,34,0,60.802960454241045
25,83,62,37,0,59.033888572581766
25,83,63,39,0,58.137767414994535
25,83,63,34,0,62.00806399170998
25,83,63,35,0,61.220911460055866
25,83,81,93,0,56.88585061331157
25,83,80,95,0,56.293871780150276
25,83,86,94,0,61.98386886924694
25,83,88,99,0,65.0
25,83,82,93,0,57.87054518492115
25,83,81,99,0,58.240879114244144
25,83,80,96,0,56.515484603779164
25,83,85,96,0,61.39218191268331
25,83,87,99,0,64.03124237432849
35,83,38,75,0,8.54400374531753
35,83,40,80,0,5.830951894845301
35,83,39,79,0,5.656854249492381
35,83,34,74,0,9.055385138137417
35,83,33,77,0,6.324555320336759
35,83,36,78,0,5.0990195135927845
35,83,38,79,0,5.0
35,83,33,71,0,12.165525060596439
35,83,33,75,0,8.246211251235321
35,83,35,77,0,6.0
35,83,37,74,0,9.219544457292887
35,83,38,71,0,12.36931687685298
35,83,38,79,0,5.0
35,83,36,74,0,9.055385138137417
35,83,33,55,0,28.071337695236398
35,83,31,55,0,28.284271247461902
35,83,37,52,0,31.064449134018133
35,83,32,54,0,29.154759474226502
35,83,30,55,0,28.442925306655784
35,83,37,52,0,31.064449134018133
35,83,30,51,0,32.38826948140329
35,83,35,54,0,29.0
35,83,39,51,0,32.2490309931942
35,83,30,56,0,27.459060435491963
35,83,36,52,0,31.016124838541646
35,83,34,50,0,33.015148038438355
35,83,33,50,0,33.06055050963308
35,83,39,53,0,30.265491900843113
35,83,31,51,0,32.2490309931942
35,83,30,56,0,27.459060435491963
35,83,39,52,0,31.25699921617557
35,83,33,50,0,33.06055050963308
35,83,34,52,0,31.016124838541646
35,83,39,53,0,30.265491900843113
35,83,30,54,0,29.427877939124322
35,83,82,39,0,64.38167441127949
35,83,84,43,0,63.25345840347388
35,83,82,41,0,63.0317380372777
35,83,84,40,0,65.19202405202648
35,83,82,41,0,63.0317380372777
35,83,84,38,0,66.52818951391959
35,83,84,34,0,69.29646455628166
35,83,84,42,0,63.89053137985315
35,83,81,32,0,68.6804193347711
35,83,82,34,0,67.89698078707183
35,83,84,41,0,64.53681120105021
35,83,84,41,0,64.53681120105021
35,83,83,41,0,63.7808748764079
35,83,84,41,0,64.53681120105021
35,83,83,41,0,63.7808748764079
35,83,83,72,0,49.24428900898052
35,83,82,78,0,47.265209192385896
35,83,86,77,0,51.35172830587107
35,83,85,77,0,50.35871324805669
35,83,82,79,0,47.16990566028302
35,83,83,77,0,48.373546489791295
35,83,87,80,0,52.08646657242167
35,83,83,77,0,48.373546489791295
35,83,91,67,0,58.240879114244144
35,83,90,66,0,57.56735185849702
35,83,91,73,0,56.88585061331157
35,83,91,79,0,56.142675390472796
35,83,90,78,0,55.226805085936306
35,83,91,66,0,58.52349955359813
35,83,83,78,0,48.25971404805462
35,83,88,69,0,54.817880294662984
35,83,91,73,0,56.88585061331157
35,83,85,75,0,50.635955604688654
35,83,91,75,0,56.568542494923804
35,83,86,65,0,54.08326913195984
35,83,91,77,0,56.32051136131489
35,83,91,81,0,56.0357029044876
35,83,82,77,0,47.38143096192854
35,83,87,72,0,53.150729063673246
35,83,88,70,0,54.57105459856901
35,83,91,79,0,56.142675390472796
35,83,85,72,0,51.19570294468082
35,83,64,34,0,56.938563381947034
35,83,65,35,0,56.60388679233962
35,83,64,39,0,52.69724850502159
35,83,65,34,0,57.4543296888929
35,83,67,39,0,54.405882034941776
35,83,68,39,0,55.0
35,83,60,35,0,54.120236510939236
35,83,66,34,0,57.982756057296896
35,83,63,37,0,53.85164807134504
35,83,62,39,0,51.62363799656123
35,83,67,37,0,56.0357029044876
35,83,65,38,0,54.08326913195984
35,83,63,35,0,55.569775957799216
35,83,66,39,0,53.823786563191554
35,83,61,34,0,55.47071299343465
35,83,62,37,0,53.33854141237835
35,83,63,39,0,52.15361924162119
35,83,63,34,0,56.43580423808985
35,83,63,35,0,55.569775957799216
35,83,81,93,0,47.07440918375928
35,83,80,95,0,46.57252408878007
35,83,86,94,0,52.172789842982326
35,83,88,99,0,55.362442142665635
35,83,82,93,0,48.05205510693585
35,83,81,99,0,48.703182647543684
35,83,80,96,0,46.84015371452148
35,83,85,96,0,51.66236541235796
35,83,87,99,0,54.405882034941776
65,83,38,75,0,28.160255680657446
65,83,40,80,0,25.179356624028344
65,83,39,79,0,26.30589287593181
65,83,34,74,0,32.28002478313795
65,83,33,77,0,32.55764119219941
65,83,36,78,0,29.427877939124322
65,83,38,79,0,27.294688127912362
65,83,33,71,0,34.17601498127012
65,83,33,75,0,32.984845004941285
65,83,35,77,0,30.59411708155671
65,83,37,74,0,29.410882339705484
65,83,38,71,0,29.546573405388315
65,83,38,79,0,27.294688127912362
65,83,36,74,0,30.364452901377952
65,83,33,55,0,42.5205832509386
65,83,31,55,0,44.04543109109048
65,83,37,52,0,41.773197148410844
65,83,32,54,0,43.93176527297759
65,83,30,55,0,44.82186966202994
65,83,37,52,0,41.773197148410844
65,83,30,51,0,47.4236228055175
65,83,35,54,0,41.72529209005013
65,83,39,51,0,41.23105625617661
65,83,30,56,0,44.204072210600685
65,83,36,52,0,42.44997055358225
65,83,34,50,0,45.27692569068709
65,83,33,50,0,45.967379738244816
65,83,39,53,0,39.698866482558415
65,83,31,51,0,46.69047011971501
65,83,30,56,0,44.204072210600685
65,83,39,52,0,40.45985664828782
65,83,33,50,0,45.967379738244816
65,83,34,52,0,43.840620433565945
65,83,39,53,0,39.698866482558415
65,83,30,54,0,45.45327270945405
65,83,82,39,0,47.16990566028302
65,83,84,43,0,44.28317965096906
65,83,82,41,0,45.31004303683677
65,83,84,40,0,47.01063709417264
65,83,82,41,0,45.31004303683677
65,83,84,38,0,48.84669896727925
65,83,84,34,0,52.55473337388365
65,83,84,42,0,45.18849411078001
65,83,81,32,0,53.45091205957107
65,83,82,34,0,51.86520991955976
65,83,84,41,0,46.09772228646444
65,83,84,41,0,46.09772228646444
65,83,83,41,0,45.69463863518345
65,83,84,41,0,46.09772228646444
65,83,83,41,0,45.69463863518345
65,83,83,72,0,21.095023109728988
65,83,82,78,0,17.72004514666935
65,83,86,77,0,21.840329667841555
65,83,85,77,0,20.8806130178211
65,83,82,79,0,17.46424919657298
65,83,83,77,0,18.973665961010276
65,83,87,80,0,22.20360331117452
65,83,83,77,0,18.973665961010276
65,83,91,67,0,30.528675044947494
65,83,90,66,0,30.23243291566195
65,83,91,73,0,27.85677655436824
65,83,91,79,0,26.30589287593181
65,83,90,78,0,25.495097567963924
65,83,91,66,0,31.064449134018133
65,83,83,78,0,18.681541692269406
65,83,88,69,0,26.92582403567252
65,83,91,73,0,27.85677655436824
65,83,85,75,0,21.540659228538015
65,83,91,75,0,27.202941017470888
65,83,86,65,0,27.65863337187866
65,83,91,77,0,26.68332812825267
65,83,91,81,0,26.076809620810597
65,83,82,77,0,18.027756377319946
65,83,87,72,0,24.596747752497688
65,83,88,70,0,26.419689627245813
65,83,91,79,0,26.30589287593181
65,83,85,72,0,22.825424421026653
65,83,64,34,0,49.01020301937138
65,83,65,35,0,48.0
65,83,64,39,0,44.01136216933077
65,83,65,34,0,49.0
65,83,67,39,0,44.04543109109048
65,83,68,39,0,44.10215414239989
65,83,60,35,0,48.25971404805462
65,83,66,34,0,49.01020301937138
65,83,63,37,0,46.04345773288535
65,83,62,39,0,44.10215414239989
65,83,67,37,0,46.04345773288535
65,83,65,38,0,45.0
65,83,63,35,0,48.041648597857254
65,83,66,39,0,44.01136216933077
65,83,61,34,0,49.16299421312742
65,83,62,37,0,46.09772228646444
65,83,63,39,0,44.04543109109048
65,83,63,34,0,49.040799340956916
65,83,63,35,0,48.041648597857254
65,83,81,93,0,18.867962264113206
65,83,80,95,0,19.209372712298546
65,83,86,94,0,23.706539182259394
65,83,88,99,0,28.0178514522438
65,83,82,93,0,19.72308292331602
65,83,81,99,0,22.627416997969522
65,83,80,96,0,19.849433241279208
65,83,85,96,0,23.853720883753127
65,83,87,99,0,27.202941017470888
95,83,38,75,0,57.55866572463264
95,83,40,80,0,55.08175741568164
95,83,39,79,0,56.142675390472796
95,83,34,74,0,61.66036003787198
95,83,33,77,0,62.289646009589745
95,83,36,78,0,59.21148537234985
95,83,38,79,0,57.14017850864661
95,83,33,71,0,63.150613615387776
95,83,33,75,0,62.51399843235114
95,83,35,77,0,60.29925372672534
95,83,37,74,0,58.69412236331676
95,83,38,71,0,58.249463516842795
95,83,38,79,0,57.14017850864661
95,83,36,74,0,59.682493245507096
95,83,33,55,0,68.0294054067798
95,83,31,55,0,69.85699678629192
95,83,37,52,0,65.76473218982953
95,83,32,54,0,69.35416353759881
95,83,30,55,0,70.77428911688199
95,83,37,52,0,65.76473218982953
95,83,30,51,0,72.44998274671983
95,83,35,54,0,66.64082832618455
95,83,39,51,0,64.4980619863884
95,83,30,56,0,70.3846574190711
95,83,36,52,0,66.64833081180653
95,83,34,50,0,69.35416353759881
95,83,33,50,0,70.2353187506115
95,83,39,53,0,63.52952069707436
95,83,31,51,0,71.55417527999327
95,83,30,56,0,70.3846574190711
95,83,39,52,0,64.00781202322104
95,83,33,50,0,70.2353187506115
95,83,34,52,0,68.42514157822401
95,83,39,53,0,63.52952069707436
95,83,30,54,0,71.17583859709698
95,83,82,39,0,45.880278987817846
95,83,84,43,0,41.48493702538308
95,83,82,41,0,43.965895873961216
95,83,84,40,0,44.384682042344295
95,83,82,41,0,43.965895873961216
95,83,84,38,0,46.32493928760188
95,83,84,34,0,50.21951811795888
95,83,84,42,0,42.44997055358225
95,83,81,32,0,52.88667128870941
95,83,82,34,0,50.695167422546305
95,83,84,41,0,43.41658669218482
95,83,84,41,0,43.41658669218482
95,83,83,41,0,43.68065933568311
95,83,84,41,0,43.41658669218482
95,83,83,41,0,43.68065933568311
95,83,83,72,0,16.278820596099706
95,83,82,78,0,13.92838827718412
95,83,86,77,0,10.816653826391969
95,83,85,77,0,11.661903789690601
95,83,82,79,0,13.601470508735444
95,83,83,77,0,13.416407864998739
95,83,87,80,0,8.54400374531753
95,83,83,77,0,13.416407864998739
95,83,91,67,0,16.492422502470642
95,83,90,66,0,17.72004514666935
95,83,91,73,0,10.770329614269007
95,83,91,79,0,5.656854249492381
95,83,90,78,0,7.0710678118654755
95,83,91,66,0,17.46424919657298
95,83,83,78,0,13.0
95,83,88,69,0,15.652475842498529
95,83,91,73,0,10.770329614269007
95,83,85,75,0,12.806248474865697
95,83,91,75,0,8.94427190999916
95,83,86,65,0,20.12461179749811
95,83,91,77,0,7.211102550927978
95,83,91,81,0,4.47213595499958
95,83,82,77,0,14.317821063276353
95,83,87,72,0,13.601470508735444
95,83,88,70,0,14.7648230602334
95,83,91,79,0,5.656854249492381
95,83,85,72,0,14.866068747318506
95,83,64,34,0,57.982756057296896
95,83,65,35,0,56.60388679233962
95,83,64,39,0,53.823786563191554
95,83,65,34,0,57.4543296888929
95,83,67,39,0,52.15361924162119
95,83,68,39,0,51.62363799656123
95,83,60,35,0,59.405386961116584
95,83,66,34,0,56.938563381947034
95,83,63,37,0,56.0357029044876
95,83,62,39,0,55.0
95,83,67,37,0,53.85164807134504
95,83,65,38,0,54.08326913195984
95,83,63,35,0,57.688820407423826
95,83,66,39,0,52.69724850502159
95,83,61,34,0,59.64059020499378
95,83,62,37,0,56.61271941887264
95,83,63,39,0,54.405882034941776
95,83,63,34,0,58.52349955359813
95,83,63,35,0,57.688820407423826
95,83,81,93,0,17.204650534085253
95,83,80,95,0,19.209372712298546
95,83,86,94,0,14.212670403551895
95,83,88,99,0,17.46424919657298
95,83,82,93,0,16.401219466856727
95,83,81,99,0,21.2602916254693
95,83,80,96,0,19.849433241279208
95,83,85,96,0,16.401219466856727
95,83,87,99,0,17.88854381999832
25,95,38,75,0,23.853720883753127
25,95,40,80,0,21.213203435596427
25,95,39,79,0,21.2602916254693
25,95,34,74,0,22.847319317591726
25,95,33,77,0,19.697715603592208
25,95,36,78,0,20.248456731316587
25,95,38,79,0,20.615528128088304
25,95,33,71,0,25.298221281347036
25,95,33,75,0,21.540659228538015
25,95,35,77,0,20.591260281974
25,95,37,74,0,24.186773244895647
25,95,38,71,0,27.294688127912362
25,95,38,79,0,20.615528128088304
25,95,36,74,0,23.706539182259394
25,95,33,55,0,40.792156108742276
25,95,31,55,0,40.44749683231337
25,95,37,52,0,44.64302857109943
25,95,32,54,0,41.593268686170845
25,95,30,55,0,40.311288741492746
25,95,37,52,0,44.64302857109943
25,95,30,51,0,44.28317965096906
25,95,35,54,0,42.20189569201838
25,95,39,51,0,46.17358552246078
25,95,30,56,0,39.319206502675
25,95,36,52,0,44.384682042344295
25,95,34,50,0,45.89117562233506
25,95,33,50,0,45.70557952810576
25,95,39,53,0,44.27188724235731
25,95,31,51,0,44.40720662234904
25,95,30,56,0,39.319206502675
25,95,39,52,0,45.221676218380054
25,95,33,50,0,45.70557952810576
25,95,34,52,0,43.93176527297759
25,95,39,53,0,44.27188724235731
25,95,30,54,0,41.30375285612676
25,95,82,39,0,79.90619500389191
25,95,84,43,0,78.64477096412705
25,95,82,41,0,78.5175139698144
25,95,84,40,0,80.65977932030313
25,95,82,41,0,78.5175139698144
25,95,84,38,0,82.03657720797473
25,95,84,34,0,84.86459803710851
25,95,84,42,0,79.30952023559341
25,95,81,32,0,84.29116205154607
25,95,82,34,0,83.48652585896721
25,95,84,41,0,79.98124780221924
25,95,84,41,0,79.98124780221924
25,95,83,41,0,79.2464510246358
25,95,84,41,0,79.98124780221924
25,95,83,41,0,79.2464510246358
25,95,83,72,0,62.39390995922599
25,95,82,78,0,59.481089431852205
25,95,86,77,0,63.60031446463138
25,95,85,77,0,62.6418390534633
25,95,82,79,0,59.20304046246274
25,95,83,77,0,60.728905802755904
25,95,87,80,0,63.788713735268246
25,95,83,77,0,60.728905802755904
25,95,91,67,0,71.69379331573968
25,95,90,66,0,71.17583859709698
25,95,91,73,0,69.57010852370435
25,95,91,79,0,67.91170738539859
25,95,90,78,0,67.1863081289633
25,95,91,66,0,72.09022125087424
25,95,83,78,0,60.440052945046304
25,95,88,69,0,68.15423684555495
25,95,91,73,0,69.57010852370435
25,95,85,75,0,63.245553203367585
25,95,91,75,0,68.96375859826666
25,95,86,65,0,67.97793759742936
25,95,91,77,0,68.41052550594829
25,95,91,81,0,67.468511173732
25,95,82,77,0,59.77457653551382
25,95,87,72,0,66.12866246946176
25,95,88,70,0,67.77905281132217
25,95,91,79,0,67.91170738539859
25,95,85,72,0,64.25729530566937
25,95,64,34,0,72.40165743959182
25,95,65,35,0,72.11102550927978
25,95,64,39,0,68.24221567329127
25,95,65,34,0,72.94518489934754
25,95,67,39,0,70.0
25,95,68,39,0,70.60453243241541
25,95,60,35,0,69.46221994724903
25,95,66,34,0,73.49829930005184
25,95,63,37,0,69.33974329343886
25,95,62,39,0,67.11929677819934
25,95,67,37,0,71.61005515987263
25,95,65,38,0,69.63476143421474
25,95,63,35,0,71.02112361825881
25,95,66,39,0,69.40461079784254
25,95,61,34,0,70.83078426785913
25,95,62,37,0,68.79680225126747
25,95,63,39,0,67.67569726275453
25,95,63,34,0,71.8679344353238
25,95,63,35,0,71.02112361825881
25,95,81,93,0,56.0357029044876
25,95,80,95,0,55.0
25,95,86,94,0,61.00819617067857
25,95,88,99,0,63.12685640834652
25,95,82,93,0,57.0350769263968
25,95,81,99,0,56.142675390472796
25,95,80,96,0,55.00909015790027
25,95,85,96,0,60.00833275470999
25,95,87,99,0,62.12889826803627
35,95,38,75,0,20.223748416156685
35,95,40,80,0,15.811388300841896
35,95,39,79,0,16.492422502470642
35,95,34,74,0,21.02379604162864
35,95,33,77,0,18.110770276274835
35,95,36,78,0,17.029386365926403
35,95,38,79,0,16.278820596099706
35,95,33,71,0,24.08318915758459
35,95,33,75,0,20.09975124224178
35,95,35,77,0,18.0
35,95,37,74,0,21.095023109728988
35,95,38,71,0,24.186773244895647
35,95,38,79,0,16.278820596099706
35,95,36,74,0,21.02379604162864
35,95,33,55,0,40.049968789001575
35,95,31,55,0,40.19950248448356
35,95,37,52,0,43.04648650006177
35,95,32,54,0,41.10960958218893
35,95,30,55,0,40.311288741492746
35,95,37,52,0,43.04648650006177
35,95,30,51,0,44.28317965096906
35,95,35,54,0,41.0
35,95,39,51,0,44.181444068749045
35,95,30,56,0,39.319206502675
35,95,36,52,0,43.01162633521314
35,95,34,50,0,45.0111097397076
35,95,33,50,0,45.044422518220834
35,95,39,53,0,42.190046219457976
35,95,31,51,0,44.181444068749045
35,95,30,56,0,39.319206502675
35,95,39,52,0,43.18564576337837
35,95,33,50,0,45.044422518220834
35,95,34,52,0,43.01162633521314
35,95,39,53,0,42.190046219457976
35,95,30,54,0,41.30375285612676
35,95,82,39,0,73.10950690573696
35,95,84,43,0,71.449282711585
35,95,82,41,0,71.58910531638176
35,95,84,40,0,73.66138744281159
35,95,82,41,0,71.58910531638176
35,95,84,38,0,75.16648189186454
35,95,84,34,0,78.24321056807422
35,95,84,42,0,72.18032973047436
35,95,81,32,0,78.00640999302557
35,95,82,34,0,77.00649323271382
35,95,84,41,0,72.91776189653656
35,95,84,41,0,72.91776189653656
35,95,83,41,0,72.24956747275377
35,95,84,41,0,72.91776189653656
35,95,83,41,0,72.24956747275377
35,95,83,72,0,53.225933528685054
35,95,82,78,0,49.9799959983992
35,95,86,77,0,54.08326913195984
35,95,85,77,0,53.14132102234569
35,95,82,79,0,49.64876634922564
35,95,83,77,0,51.264022471905186
35,95,87,80,0,54.120236510939236
35,95,83,77,0,51.264022471905186
35,95,91,67,0,62.609903369994115
35,95,90,66,0,62.177166226839255
35,95,91,73,0,60.166435825965294
35,95,91,79,0,58.240879114244144
35,95,90,78,0,57.56735185849702
35,95,91,66,0,63.06346010171025
35,95,83,78,0,50.92150822589606
35,95,88,69,0,59.033888572581766
35,95,91,73,0,60.166435825965294
35,95,85,75,0,53.85164807134504
35,95,91,75,0,59.464274989274024
35,95,86,65,0,59.16924876994806
35,95,91,77,0,58.82176467941097
35,95,91,81,0,57.723478758647246
35,95,82,77,0,50.32891812864648
35,95,87,72,0,56.859475903318
35,95,88,70,0,58.60034129593445
35,95,91,79,0,58.240879114244144
35,95,85,72,0,55.036351623268054
35,95,64,34,0,67.54257916307313
35,95,65,35,0,67.08203932499369
35,95,64,39,0,63.06346010171025
35,95,65,34,0,67.97793759742936
35,95,67,39,0,64.4980619863884
35,95,68,39,0,65.0
35,95,60,35,0,65.0
35,95,66,34,0,68.42514157822401
35,95,63,37,0,64.40496875241847
35,95,62,39,0,62.16912416947821
35,95,67,37,0,66.24198064671678
35,95,65,38,0,64.41273166075166
35,95,63,35,0,66.2117814289874
35,95,66,39,0,64.00781202322104
35,95,61,34,0,66.30987860040162
35,95,62,37,0,63.97655820689325
35,95,63,39,0,62.609903369994115
35,95,63,34,0,67.11929677819934
35,95,63,35,0,66.2117814289874
35,95,81,93,0,46.04345773288535
35,95,80,95,0,45.0
35,95,86,94,0,51.0098029794274
35,95,88,99,0,53.150729063673246
35,95,82,93,0,47.042533945356304
35,95,81,99,0,46.17358552246078
35,95,80,96,0,45.0111097397076
35,95,85,96,0,50.00999900019995
35,95,87,99,0,52.15361924162119
45,95,38,75,0,21.18962010041709
45,95,40,80,0,15.811388300841896
45,95,39,79,0,17.08800749063506
45,95,34,74,0,23.706539182259394
45,95,33,77,0,21.633307652783937
45,95,36,78,0,19.235384061671343
45,95,38,79,0,17.46424919657298
45,95,33,71,0,26.832815729997478
45,95,33,75,0,23.323807579381203
45,95,35,77,0,20.591260281974
45,95,37,74,0,22.47220505424423
45,95,38,71,0,25.0
45,95,38,79,0,17.46424919657298
45,95,36,74,0,22.847319317591726
45,95,33,55,0,41.7612260356422
45,95,31,55,0,42.37924020083418
45,95,37,52,0,43.73785545725808
45,95,32,54,0,43.01162633521314
45,95,30,55,0,42.720018726587654
45,95,37,52,0,43.73785545725808
45,95,30,51,0,46.486557196677836
45,95,35,54,0,42.20189569201838
45,95,39,51,0,44.40720662234904
45,95,30,56,0,41.78516483155236
45,95,36,52,0,43.93176527297759
45,95,34,50,0,46.32493928760188
45,95,33,50,0,46.57252408878007
45,95,39,53,0,42.42640687119285
45,95,31,51,0,46.17358552246078
45,95,30,56,0,41.78516483155236
45,95,39,52,0,43.41658669218482
45,95,33,50,0,46.57252408878007
45,95,34,52,0,44.384682042344295
45,95,39,53,0,42.42640687119285
45,95,30,54,0,43.657759905886145
45,95,82,39,0,67.11929677819934
45,95,84,43,0,65.0
45,95,82,41,0,65.45991139621256
45,95,84,40,0,67.42403132415029
45,95,82,41,0,65.45991139621256
45,95,84,38,0,69.06518659932803
45,95,84,34,0,72.40165743959182
45,95,84,42,0,65.80273550544841
45,95,81,32,0,72.56031973468694
45,95,82,34,0,71.34423592694787
45,95,84,41,0,66.61080993352356
45,95,84,41,0,66.61080993352356
45,95,83,41,0,66.03029607687671
45,95,84,41,0,66.61080993352356
45,95,83,41,0,66.03029607687671
45,95,83,72,0,44.41846462902562
45,95,82,78,0,40.718546143004666
45,95,86,77,0,44.77722635447622
45,95,85,77,0,43.86342439892262
45,95,82,79,0,40.311288741492746
45,95,83,77,0,42.04759208325728
45,95,87,80,0,44.598206241955516
45,95,83,77,0,42.04759208325728
45,95,91,67,0,53.85164807134504
45,95,90,66,0,53.53503525729669
45,95,91,73,0,50.99019513592785
45,95,91,79,0,48.703182647543684
45,95,90,78,0,48.104053883222775
45,95,91,66,0,54.378304497290095
45,95,83,78,0,41.6293165929973
45,95,88,69,0,50.24937810560445
45,95,91,73,0,50.99019513592785
45,95,85,75,0,44.721359549995796
45,95,91,75,0,50.15974481593781
45,95,86,65,0,50.80354318352215
45,95,91,77,0,49.39635614091387
45,95,91,81,0,48.08326112068523
45,95,82,77,0,41.14608122288197
45,95,87,72,0,47.885279575251516
45,95,88,70,0,49.73932046178355
45,95,91,79,0,48.703182647543684
45,95,85,72,0,46.14108798023731
45,95,64,34,0,63.89053137985315
45,95,65,35,0,63.245553203367585
45,95,64,39,0,59.135437767890075
45,95,65,34,0,64.19501538281614
45,95,67,39,0,60.166435825965294
45,95,68,39,0,60.53924347066124
45,95,60,35,0,61.84658438426491
45,95,66,34,0,64.51356446515724
45,95,63,37,0,60.728905802755904
45,95,62,39,0,58.52349955359813
45,95,67,37,0,62.03224967708329
45,95,65,38,0,60.40695324215582
45,95,63,35,0,62.6418390534633
45,95,66,39,0,59.80802621722272
45,95,61,34,0,63.06346010171025
45,95,62,37,0,60.440052945046304
45,95,63,39,0,58.82176467941097
45,95,63,34,0,63.60031446463138
45,95,63,35,0,62.6418390534633
45,95,81,93,0,36.05551275463989
45,95,80,95,0,35.0
45,95,86,94,0,41.012193308819754
45,95,88,99,0,43.18564576337837
45,95,82,93,0,37.05401462729781
45,95,81,99,0,36.22154055254967
45,95,80,96,0,35.014282800023196
45,95,85,96,0,40.01249804748511
45,95,87,99,0,42.190046219457976
55,95,38,75,0,26.248809496813376
55,95,40,80,0,21.213203435596427
55,95,39,79,0,22.627416997969522
55,95,34,74,0,29.698484809834994
55,95,33,77,0,28.42534080710379
55,95,36,78,0,25.495097567963924
55,95,38,79,0,23.345235059857504
55,95,33,71,0,32.55764119219941
55,95,33,75,0,29.732137494637012
55,95,35,77,0,26.90724809414742
55,95,37,74,0,27.65863337187866
55,95,38,71,0,29.410882339705484
55,95,38,79,0,23.345235059857504
55,95,36,74,0,28.319604517012593
55,95,33,55,0,45.65084884205331
55,95,31,55,0,46.647615158762406
55,95,37,52,0,46.61544808322666
55,95,32,54,0,47.01063709417264
55,95,30,55,0,47.16990566028302
55,95,37,52,0,46.61544808322666
55,95,30,51,0,50.60632371551998
55,95,35,54,0,45.617978911828175
55,95,39,51,0,46.8187996428785
55,95,30,56,0,46.32493928760188
55,95,36,52,0,47.01063709417264
55,95,34,50,0,49.658836071740545
55,95,33,50,0,50.08991914547278
55,95,39,53,0,44.94441010848846
55,95,31,51,0,50.11985634456667
55,95,30,56,0,46.32493928760188
55,95,39,52,0,45.880278987817846
55,95,33,50,0,50.08991914547278
55,95,34,52,0,47.853944456021594
55,95,39,53,0,44.94441010848846
55,95,30,54,0,48.02082881417188
55,95,82,39,0,62.16912416947821
55,95,84,43,0,59.53990258641679
55,95,82,41,0,60.37383539249432
55,95,84,40,0,62.177166226839255
55,95,82,41,0,60.37383539249432
55,95,84,38,0,63.953107821277925
55,95,84,34,0,67.54257916307313
55,95,84,42,0,60.41522986797286
55,95,81,32,0,68.15423684555495
55,95,82,34,0,66.70832032063167
55,95,84,41,0,61.29437168288782
55,95,84,41,0,61.29437168288782
55,95,83,41,0,60.8276253029822
55,95,84,41,0,61.29437168288782
55,95,83,41,0,60.8276253029822
55,95,83,72,0,36.235341863986875
55,95,82,78,0,31.906112267087632
55,95,86,77,0,35.84689665786984
55,95,85,77,0,34.9857113690718
55,95,82,79,0,31.38470965295043
55,95,83,77,0,33.28663395418648
55,95,87,80,0,35.34119409414458
55,95,83,77,0,33.28663395418648
55,95,91,67,0,45.60701700396552
55,95,90,66,0,45.45327270945405
55,95,91,73,0,42.190046219457976
55,95,91,79,0,39.395431207184416
55,95,90,78,0,38.91015291668744
55,95,91,66,0,46.22769732530488
55,95,83,78,0,32.7566787083184
55,95,88,69,0,42.01190307520001
55,95,91,73,0,42.190046219457976
55,95,85,75,0,36.05551275463989
55,95,91,75,0,41.182520563948
55,95,86,65,0,43.139309220245984
55,95,91,77,0,40.24922359499622
55,95,91,81,0,38.62641583165593
55,95,82,77,0,32.449961479175904
55,95,87,72,0,39.408120990476064
55,95,88,70,0,41.400483088968905
55,95,91,79,0,39.395431207184416
55,95,85,72,0,37.8021163428716
55,95,64,34,0,61.66036003787198
55,95,65,35,0,60.8276253029822
55,95,64,39,0,56.71860364994893
55,95,65,34,0,61.814237842102365
55,95,67,39,0,57.271284253105414
55,95,68,39,0,57.48912940721924
55,95,60,35,0,60.207972893961475
55,95,66,34,0,61.98386886924694
55,95,63,37,0,58.54912467321779
55,95,62,39,0,56.43580423808985
55,95,67,37,0,59.22837157984339
55,95,65,38,0,57.87054518492115
55,95,63,35,0,60.530983801686226
55,95,66,39,0,57.0701322935211
55,95,61,34,0,61.29437168288782
55,95,62,37,0,58.42088667591412
55,95,63,39,0,56.568542494923804
55,95,63,34,0,61.5223536610881
55,95,63,35,0,60.530983801686226
55,95,81,93,0,26.076809620810597
55,95,80,95,0,25.0
55,95,86,94,0,31.016124838541646
55,95,88,99,0,33.24154027718932
55,95,82,93,0,27.073972741361768
55,95,81,99,0,26.30589287593181
55,95,80,96,0,25.019992006393608
55,95,85,96,0,30.01666203960727
55,95,87,99,0,32.2490309931942
65,95,38,75,0,33.60059523282288
65,95,40,80,0,29.154759474226502
65,95,39,79,0,30.528675044947494
65,95,34,74,0,37.44329045369811
65,95,33,77,0,36.71511950137164
65,95,36,78,0,33.61547262794322
65,95,38,79,0,31.38470965295043
65,95,33,71,0,40.0
65,95,33,75,0,37.73592452822641
65,95,35,77,0,34.9857113690718
65,95,37,74,0,35.0
65,95,38,71,0,36.124783736376884
65,95,38,79,0,31.38470965295043
65,95,36,74,0,35.805027579936315
65,95,33,55,0,51.22499389946279
65,95,31,55,0,52.49761899362675
65,95,37,52,0,51.31276644267
65,95,32,54,0,52.630789467763066
65,95,30,55,0,53.150729063673246
65,95,37,52,0,51.31276644267
65,95,30,51,0,56.22277118748239
65,95,35,54,0,50.80354318352215
65,95,39,51,0,51.10772935672255
65,95,30,56,0,52.40229002629561
65,95,36,52,0,51.86520991955976
65,95,34,50,0,54.644304369257
65,95,33,50,0,55.21775076911409
65,95,39,53,0,49.39635614091387
65,95,31,51,0,55.60575509783138
65,95,30,56,0,52.40229002629561
65,95,39,52,0,50.24937810560445
65,95,33,50,0,55.21775076911409
65,95,34,52,0,53.009433122794285
65,95,39,53,0,49.39635614091387
65,95,30,54,0,53.907327887774215
65,95,82,39,0,58.52349955359813
65,95,84,43,0,55.362442142665635
65,95,82,41,0,56.61271941887264
65,95,84,40,0,58.18934610390462
65,95,82,41,0,56.61271941887264
65,95,84,38,0,60.08327554319921
65,95,84,34,0,63.89053137985315
65,95,84,42,0,56.302753041036986
65,95,81,32,0,65.0
65,95,82,34,0,63.324560795950255
65,95,84,41,0,57.245087125446844
65,95,84,41,0,57.245087125446844
65,95,83,41,0,56.92099788303083
65,95,84,41,0,57.245087125446844
65,95,83,41,0,56.92099788303083
65,95,83,72,0,29.206163733020468
65,95,82,78,0,24.041630560342615
65,95,86,77,0,27.65863337187866
65,95,85,77,0,26.90724809414742
65,95,82,79,0,23.345235059857504
65,95,83,77,0,25.45584412271571
65,95,87,80,0,26.627053911388696
65,95,83,77,0,25.45584412271571
65,95,91,67,0,38.2099463490856
65,95,90,66,0,38.28837943815329
65,95,91,73,0,34.058772731852805
65,95,91,79,0,30.528675044947494
65,95,90,78,0,30.23243291566195
65,95,91,66,0,38.948684188300895
65,95,83,78,0,24.758836806279895
65,95,88,69,0,34.713109915419565
65,95,91,73,0,34.058772731852805
65,95,85,75,0,28.284271247461902
65,95,91,75,0,32.802438933713454
65,95,86,65,0,36.61966684720111
65,95,91,77,0,31.622776601683793
65,95,91,81,0,29.5296461204668
65,95,82,77,0,24.758836806279895
65,95,87,72,0,31.827660925679098
65,95,88,70,0,33.97057550292606
65,95,91,79,0,30.528675044947494
65,95,85,72,0,30.479501308256342
65,95,64,34,0,61.00819617067857
65,95,65,35,0,60.0
65,95,64,39,0,56.00892785976178
65,95,65,34,0,61.0
65,95,67,39,0,56.0357029044876
65,95,68,39,0,56.08029957123981
65,95,60,35,0,60.207972893961475
65,95,66,34,0,61.00819617067857
65,95,63,37,0,58.034472514187634
65,95,62,39,0,56.08029957123981
65,95,67,37,0,58.034472514187634
65,95,65,38,0,57.0
65,95,63,35,0,60.03332407921454
65,95,66,39,0,56.00892785976178
65,95,61,34,0,61.1310068623117
65,95,62,37,0,58.077534382926416
65,95,63,39,0,56.0357029044876
65,95,63,34,0,61.032778078668514
65,95,63,35,0,60.03332407921454
65,95,81,93,0,16.1245154965971
65,95,80,95,0,15.0
65,95,86,94,0,21.02379604162864
65,95,88,99,0,23.345235059857504
65,95,82,93,0,17.11724276862369
65,95,81,99,0,16.492422502470642
65,95,80,96,0,15.033296378372908
65,95,85,96,0,20.024984394500787
65,95,87,99,0,22.360679774997898
75,95,38,75,0,42.05948168962618
75,95,40,80,0,38.07886552931954
75,95,39,79,0,39.395431207184416
75,95,34,74,0,46.06517122512408
75,95,33,77,0,45.69463863518345
75,95,36,78,0,42.5440947723653
75,95,38,79,0,40.311288741492746
75,95,33,71,0,48.373546489791295
75,95,33,75,0,46.51881339845203
75,95,35,77,0,43.86342439892262
75,95,37,74,0,43.41658669218482
75,95,38,71,0,44.10215414239989
75,95,38,79,0,40.311288741492746
75,95,36,74,0,44.294469180700204
75,95,33,55,0,58.0
75,95,31,55,0,59.464274989274024
75,95,37,52,0,57.38466694161429
75,95,32,54,0,59.413803110051795
75,95,30,55,0,60.207972893961475
75,95,37,52,0,57.38466694161429
75,95,30,51,0,62.93647591023825
75,95,35,54,0,57.28001396647874
75,95,39,51,0,56.85068161420758
75,95,30,56,0,59.54829972383762
75,95,36,52,0,58.05170109479997
75,95,34,50,0,60.876925020897694
75,95,33,50,0,61.554853586049575
75,95,39,53,0,55.31726674375732
75,95,31,51,0,62.22539674441618
75,95,30,56,0,59.54829972383762
75,95,39,52,0,56.08029957123981
75,95,33,50,0,61.554853586049575
75,95,34,52,0,59.413803110051795
75,95,39,53,0,55.31726674375732
75,95,30,54,0,60.876925020897694
75,95,82,39,0,56.43580423808985
75,95,84,43,0,52.773099207835045
75,95,82,41,0,54.45181356024793
75,95,84,40,0,55.731499172371095
75,95,82,41,0,54.45181356024793
75,95,84,38,0,57.706152185014034
75,95,84,34,0,61.66036003787198
75,95,84,42,0,53.75872022286245
75,95,81,32,0,63.28506932918696
75,95,82,34,0,61.40032573203501
75,95,84,41,0,54.74486277268398
75,95,84,41,0,54.74486277268398
75,95,83,41,0,54.589376255824725
75,95,84,41,0,54.74486277268398
75,95,83,41,0,54.589376255824725
75,95,83,72,0,24.351591323771842
75,95,82,78,0,18.384776310850235
75,95,86,77,0,21.095023109728988
75,95,85,77,0,20.591260281974
75,95,82,79,0,17.46424919657298
75,95,83,77,0,19.697715603592208
75,95,87,80,0,19.209372712298546
75,95,83,77,0,19.697715603592208
75,95,91,67,0,32.2490309931942
75,95,90,66,0,32.64965543462902
75,95,91,73,0,27.202941017470888
75,95,91,79,0,22.627416997969522
75,95,90,78,0,22.67156809750927
75,95,91,66,0,33.12099032335839
75,95,83,78,0,18.788294228055936
75,95,88,69,0,29.068883707497267
75,95,91,73,0,27.202941017470888
75,95,85,75,0,22.360679774997898
75,95,91,75,0,25.612496949731394
75,95,86,65,0,31.953090617340916
75,95,91,77,0,24.08318915758459
75,95,91,81,0,21.2602916254693
75,95,82,77,0,19.313207915827967
75,95,87,72,0,25.942243542145693
75,95,88,70,0,28.178005607210743
75,95,91,79,0,22.627416997969522
75,95,85,72,0,25.079872407968907
75,95,64,34,0,61.98386886924694
75,95,65,35,0,60.8276253029822
75,95,64,39,0,57.0701322935211
75,95,65,34,0,61.814237842102365
75,95,67,39,0,56.568542494923804
75,95,68,39,0,56.43580423808985
75,95,60,35,0,61.84658438426491
75,95,66,34,0,61.66036003787198
75,95,63,37,0,59.22837157984339
75,95,62,39,0,57.48912940721924
75,95,67,37,0,58.54912467321779
75,95,65,38,0,57.87054518492115
75,95,63,35,0,61.18823416311342
75,95,66,39,0,56.71860364994893
75,95,61,34,0,62.5859409132754
75,95,62,37,0,59.43904440685432
75,95,63,39,0,57.271284253105414
75,95,63,34,0,62.16912416947821
75,95,63,35,0,61.18823416311342
75,95,81,93,0,6.324555320336759
75,95,80,95,0,5.0
75,95,86,94,0,11.045361017187261
75,95,88,99,0,13.601470508735444
75,95,82,93,0,7.280109889280518
75,95,81,99,0,7.211102550927978
75,95,80,96,0,5.0990195135927845
75,95,85,96,0,10.04987562112089
75,95,87,99,0,12.649110640673518
85,95,38,75,0,51.07837115648854
85,95,40,80,0,47.43416490252569
85,95,39,79,0,48.703182647543684
85,95,34,74,0,55.154328932550705
85,95,33,77,0,55.02726596879042
85,95,36,78,0,51.86520991955976
85,95,38,79,0,49.64876634922564
85,95,33,71,0,57.271284253105414
85,95,33,75,0,55.71355310873648
85,95,35,77,0,53.14132102234569
85,95,37,74,0,52.392747589718944
85,95,38,71,0,52.773099207835045
85,95,38,79,0,49.64876634922564
85,95,36,74,0,53.31041174104736
85,95,33,55,0,65.60487786742691
85,95,31,55,0,67.20119046564577
85,95,37,52,0,64.4437739428721
85,95,32,54,0,67.00746227100382
85,95,30,55,0,68.00735254367721
85,95,37,52,0,64.4437739428721
85,95,30,51,0,70.43436661176133
85,95,35,54,0,64.66065264130884
85,95,39,51,0,63.655321851358195
85,95,30,56,0,67.42403132415029
85,95,36,52,0,65.19202405202648
85,95,34,50,0,68.01470429252781
85,95,33,50,0,68.76772498781678
85,95,39,53,0,62.289646009589745
85,95,31,51,0,69.65629906907199
85,95,30,56,0,67.42403132415029
85,95,39,52,0,62.96824596572466
85,95,33,50,0,68.76772498781678
85,95,34,52,0,66.70832032063167
85,95,39,53,0,62.289646009589745
85,95,30,54,0,68.60029154456998
85,95,82,39,0,56.08029957123981
85,95,84,43,0,52.009614495783374
85,95,82,41,0,54.08326913195984
85,95,84,40,0,55.00909015790027
85,95,82,41,0,54.08326913195984
85,95,84,38,0,57.0087712549569
85,95,84,34,0,61.00819617067857
85,95,84,42,0,53.009433122794285
85,95,81,32,0,63.12685640834652
85,95,82,34,0,61.07372593840988
85,95,84,41,0,54.00925846556311
85,95,84,41,0,54.00925846556311
85,95,83,41,0,54.037024344425184
85,95,84,41,0,54.00925846556311
85,95,83,41,0,54.037024344425184
85,95,83,72,0,23.08679276123039
85,95,82,78,0,17.26267650163207
85,95,86,77,0,18.027756377319946
85,95,85,77,0,18.0
85,95,82,79,0,16.278820596099706
85,95,83,77,0,18.110770276274835
85,95,87,80,0,15.132745950421556
85,95,83,77,0,18.110770276274835
85,95,91,67,0,28.635642126552707
85,95,90,66,0,29.427877939124322
85,95,91,73,0,22.80350850198276
85,95,91,79,0,17.08800749063506
85,95,90,78,0,17.72004514666935
85,95,91,66,0,29.614185789921695
85,95,83,78,0,17.11724276862369
85,95,88,69,0,26.1725046566048
85,95,91,73,0,22.80350850198276
85,95,85,75,0,20.0
85,95,91,75,0,20.8806130178211
85,95,86,65,0,30.01666203960727
85,95,91,77,0,18.973665961010276
85,95,91,81,0,15.231546211727817
85,95,82,77,0,18.24828759089466
85,95,87,72,0,23.08679276123039
85,95,88,70,0,25.179356624028344
85,95,91,79,0,17.08800749063506
85,95,85,72,0,23.0
85,95,64,34,0,64.51356446515724
85,95,65,35,0,63.245553203367585
85,95,64,39,0,59.80802621722272
85,95,65,34,0,64.19501538281614
85,95,67,39,0,58.82176467941097
85,95,68,39,0,58.52349955359813
85,95,60,35,0,65.0
85,95,66,34,0,63.89053137985315
85,95,63,37,0,62.03224967708329
85,95,62,39,0,60.53924347066124
85,95,67,37,0,60.728905802755904
85,95,65,38,0,60.40695324215582
85,95,63,35,0,63.90618123468183
85,95,66,39,0,59.135437767890075
85,95,61,34,0,65.55150646628954
85,95,62,37,0,62.39390995922599
85,95,63,39,0,60.166435825965294
85,95,63,34,0,64.8459713474939
85,95,63,35,0,63.90618123468183
85,95,81,93,0,4.47213595499958
85,95,80,95,0,5.0
85,95,86,94,0,1.4142135623730951
85,95,88,99,0,5.0
85,95,82,93,0,3.605551275463989
85,95,81,99,0,5.656854249492381
85,95,80,96,0,5.0990195135927845
85,95,85,96,0,1.0
85,95,87,99,0,4.47213595499958
95,95,38,75,0,60.40695324215582
95,95,40,80,0,57.0087712549569
95,95,39,79,0,58.240879114244144
95,95,34,74,0,64.51356446515724
95,95,33,77,0,64.5600495662759
95,95,36,78,0,61.40032573203501
95,95,38,79,0,59.20304046246274
95,95,33,71,0,66.48308055437865
95,95,33,75,0,65.14598989960932
95,95,35,77,0,62.6418390534633
95,95,37,74,0,61.68468205316454
95,95,38,71,0,61.84658438426491
95,95,38,79,0,59.20304046246274
95,95,36,74,0,62.625873247404705
95,95,33,55,0,73.78346698278686
95,95,31,55,0,75.47184905645283
95,95,37,52,0,72.20110802473879
95,95,32,54,0,75.16648189186454
95,95,30,55,0,76.32168761236873
95,95,37,52,0,72.20110802473879
95,95,30,51,0,78.49203781276162
95,95,35,54,0,72.67048919609665
95,95,39,51,0,71.21797525905943
95,95,30,56,0,75.8023746329889
95,95,36,52,0,73.00684899377592
95,95,34,50,0,75.8023746329889
95,95,33,50,0,76.60939890117922
95,95,39,53,0,70.0
95,95,31,51,0,77.6659513557904
95,95,30,56,0,75.8023746329889
95,95,39,52,0,70.60453243241541
95,95,33,50,0,76.60939890117922
95,95,34,52,0,74.63243262818116
95,95,39,53,0,70.0
95,95,30,54,0,76.8505042273634
95,95,82,39,0,57.48912940721924
95,95,84,43,0,53.150729063673246
95,95,82,41,0,55.54277630799526
95,95,84,40,0,56.089214649520635
95,95,82,41,0,55.54277630799526
95,95,84,38,0,58.05170109479997
95,95,84,34,0,61.98386886924694
95,95,84,42,0,54.12947441089743
95,95,81,32,0,64.53681120105021
95,95,82,34,0,62.369864518050704
95,95,84,41,0,55.10898293381942
95,95,84,41,0,55.10898293381942
95,95,83,41,0,55.31726674375732
95,95,84,41,0,55.10898293381942
95,95,83,41,0,55.31726674375732
95,95,83,72,0,25.942243542145693
95,95,82,78,0,21.400934559032695
95,95,86,77,0,20.12461179749811
95,95,85,77,0,20.591260281974
95,95,82,79,0,20.615528128088304
95,95,83,77,0,21.633307652783937
95,95,87,80,0,17.0
95,95,83,77,0,21.633307652783937
95,95,91,67,0,28.284271247461902
95,95,90,66,0,29.427877939124322
95,95,91,73,0,22.360679774997898
95,95,91,79,0,16.492422502470642
95,95,90,78,0,17.72004514666935
95,95,91,66,0,29.274562336608895
95,95,83,78,0,20.808652046684813
95,95,88,69,0,26.92582403567252
95,95,91,73,0,22.360679774997898
95,95,85,75,0,22.360679774997898
95,95,91,75,0,20.396078054371138
95,95,86,65,0,31.32091952673165
95,95,91,77,0,18.439088914585774
95,95,91,81,0,14.560219778561036
95,95,82,77,0,22.20360331117452
95,95,87,72,0,24.351591323771842
95,95,88,70,0,25.96150997149434
95,95,91,79,0,16.492422502470642
95,95,85,72,0,25.079872407968907
95,95,64,34,0,68.42514157822401
95,95,65,35,0,67.08203932499369
95,95,64,39,0,64.00781202322104
95,95,65,34,0,67.97793759742936
95,95,67,39,0,62.609903369994115
95,95,68,39,0,62.16912416947821
95,95,60,35,0,69.46221994724903
95,95,66,34,0,67.54257916307313
95,95,63,37,0,66.24198064671678
95,95,62,39,0,65.0
95,95,67,37,0,64.40496875241847
95,95,65,38,0,64.41273166075166
95,95,63,35,0,68.0
95,95,66,39,0,63.06346010171025
95,95,61,34,0,69.83552104767315
95,95,62,37,0,66.73080248281148
95,95,63,39,0,64.4980619863884
95,95,63,34,0,68.8839603971781
95,95,63,35,0,68.0
95,95,81,93,0,14.142135623730951
95,95,80,95,0,15.0
95,95,86,94,0,9.055385138137417
95,95,88,99,0,8.06225774829855
95,95,82,93,0,13.152946437965905
95,95,81,99,0,14.560219778561036
95,95,80,96,0,15.033296378372908
95,95,85,96,0,10.04987562112089
95,95,87,99,0,8.94427190999916
